Type,Name,Request Count,Failure Count,Median Response Time,Average Response Time,Min Response Time,Max Response Time,Average Content Size,Requests/s,Failures/s,50%,66%,75%,80%,90%,95%,98%,99%,99.9%,99.99%,100%
GET,/,14215,0,390.0,413.20364612295197,16.151673975400627,1998.169697006233,8649.0,45.959952985387105,0.0,390,450,500,540,650,750,870,1000,1900,2000,2000
GET,/basket.html,13365,0,410.0,420.95082358415686,19.53808101825416,1038.8030399335548,23388.0,43.211732089321046,0.0,410,470,510,550,650,730,800,860,1000,1000,1000
POST,/cart,81773,0,490.0,503.7894244211946,41.397838038392365,1087.310484959744,0.0,264.3885498047175,0.0,490,570,630,660,740,810,890,940,1000,1100,1100
GET,/catalogue,14057,0,430.0,437.4605154218716,10.490273940376937,1026.967886951752,2795.0,45.44910721882423,0.0,430,490,540,580,680,770,860,930,1000,1000,1000
GET,/category.html,14076,0,420.0,429.16505035819597,14.59296396933496,1010.3162029990926,11518.0,45.510538038853944,0.0,420,490,540,580,670,750,820,860,990,1000,1000
GET,/login,14178,0,420.0,445.46952053685726,44.65088003780693,1024.8158850008622,13.0,45.84032454638187,0.0,420,500,570,610,730,790,860,930,1000,1000,1000
POST,/orders,13242,13242,510.0,518.2916356061523,33.87243999168277,1122.5768389413133,227.0,42.81404835965501,42.81404835965501,510,580,650,680,760,820,910,960,1100,1100,1100
,Aggregated,164906,13242,460.0,473.39371887638947,10.490273940376937,1998.169697006233,3881.8059136720312,533.1742530431408,42.81404835965501,460,530,590,630,730,790,870,930,1100,1900,2000
