Type,Name,Request Count,Failure Count,Median Response Time,Average Response Time,Min Response Time,Max Response Time,Average Content Size,Requests/s,Failures/s,50%,66%,75%,80%,90%,95%,98%,99%,99.9%,99.99%,100%
GET,/,1913,0,4,6.107447563752851,1.9017630256712437,68.20416497066617,8649.0,6.189880504215746,0.0,4,5,6,6,9,19,29,44,68,68,68
GET,/basket.html,1835,0,4,4.681106981991381,2.0852149464190006,43.21756097488105,23388.0,5.9374964585655485,0.0,4,5,5,6,7,9,11,15,42,43,43
POST,/cart,11246,0,23,23.871290746481836,12.96327286399901,90.59063903987408,0.0,36.38860227412979,0.0,23,25,26,27,30,34,42,47,67,90,91
GET,/catalogue,1904,0,8,8.540372667000668,3.988885087892413,43.84511895477772,2795.0,6.160759268179184,0.0,8,8,9,9,12,15,22,27,43,44,44
GET,/category.html,1904,0,5,5.571941328342581,1.9004419445991516,47.30785801075399,11518.0,6.160759268179184,0.0,5,6,6,7,9,12,16,21,47,47,47
GET,/login,1912,0,56,58.142009460212364,42.96031384728849,111.21163703501225,13.0,6.186644811322795,0.0,56,58,59,59,64,79,90,95,110,110,110
POST,/orders,1813,1813,68,65.40240605451142,19.980189157649875,132.07628089003265,227.0,5.8663112149206205,5.8663112149206205,68,70,72,73,77,81,88,93,130,130,130
,Aggregated,22527,1813,21,24.20836526604683,1.9004419445991516,132.07628089003265,3868.7297909175654,72.89045379951287,5.8663112149206205,21,24,27,31,58,68,73,78,100,120,130
