Type,Name,Request Count,Failure Count,Median Response Time,Average Response Time,Min Response Time,Max Response Time,Average Content Size,Requests/s,Failures/s,50%,66%,75%,80%,90%,95%,98%,99%,99.9%,99.99%,100%
GET,/,13837,0,430.0,452.19026592264566,50.9521730709821,1828.57018802315,8649.0,44.82838098269865,0.0,430,500,550,590,690,780,860,940,1700,1800,1800
GET,/basket.html,12978,0,450.0,462.8460082325035,33.705417066812515,1063.7283870019019,23388.0,42.045438201449954,0.0,450,520,560,590,690,770,830,870,970,1100,1100
POST,/cart,79388,0,550.0,554.1223472701145,23.33792415447533,1284.4119549263269,0.0,257.1970448402457,0.0,550,630,680,710,780,830,890,930,1100,1200,1300
GET,/catalogue,13677,0,470.0,477.5923012427155,15.576144913211465,1130.21550886333,2795.0,44.310021442535906,0.0,470,550,590,620,710,790,850,890,1000,1100,1100
GET,/category.html,13704,0,450.0,460.44728472674666,11.801403947174549,1169.615644030273,11518.0,44.39749461493837,0.0,450,530,580,610,690,760,820,860,1000,1200,1200
GET,/login,13827,0,490.0,511.28050215066315,67.20263813622296,1099.5175850111991,13.0,44.79598351143847,0.0,490,580,650,690,780,840,890,940,1000,1100,1100
POST,/orders,12869,12869,580.0,583.203315578871,114.79284102097154,1238.3110639639199,227.0,41.69230576471409,41.69230576471409,580,670,710,740,810,860,920,950,1100,1200,1200
,Aggregated,160280,12869,510.0,522.0311677995286,11.801403947174549,1828.57018802315,3883.0582605440477,519.2666693580212,41.69230576471409,510,600,650,680,770,820,880,920,1100,1700,1800
