Type,Name,Request Count,Failure Count,Median Response Time,Average Response Time,Min Response Time,Max Response Time,Average Content Size,Requests/s,Failures/s,50%,66%,75%,80%,90%,95%,98%,99%,99.9%,99.99%,100%
GET,/,13764,0,450.0,464.96920915238576,11.1828891094774,1397.6065379101783,8649.0,44.487702756780564,0.0,450,510,550,590,700,780,840,890,1300,1400,1400
GET,/basket.html,12915,0,470.0,480.02326166220485,12.467833003029227,976.1655430775136,23388.0,41.74358334087627,0.0,470,530,570,600,690,760,820,860,930,970,980
POST,/cart,79149,0,560.0,565.2852712577403,56.99436692520976,1106.852601049468,0.0,255.8236839215653,0.0,560,640,680,710,780,830,880,910,990,1100,1100
GET,/catalogue,13632,0,480.0,494.55289054388237,8.990417001768947,965.6710000708699,2795.0,44.0610552150852,0.0,480,540,590,630,730,800,850,880,930,960,970
GET,/category.html,13644,0,480.0,486.5578536545549,7.051910040900111,1047.5996378809214,11518.0,44.09984135523932,0.0,480,540,590,620,710,780,840,880,930,1000,1000
GET,/login,13748,0,500.0,521.8693970473348,43.668698985129595,1044.263938209042,13.0,44.43598790324173,0.0,500,600,660,710,790,840,880,910,970,1000,1000
POST,/orders,12781,12781,580.0,587.9248667152004,61.6005240008235,1125.8374189492315,227.0,41.31047144248855,41.31047144248855,580,660,710,740,800,850,900,930,1000,1100,1100
,Aggregated,159633,12781,520.0,535.0420596315824,7.051910040900111,1397.6065379101783,3880.362450119963,515.9623259352769,41.31047144248855,520,600,660,690,770,820,870,900,1000,1300,1400
