Type,Name,Request Count,Failure Count,Median Response Time,Average Response Time,Min Response Time,Max Response Time,Average Content Size,Requests/s,Failures/s,50%,66%,75%,80%,90%,95%,98%,99%,99.9%,99.99%,100%
GET,/,1916,0,4,6.211879569478138,2.08630901761353,58.36633895523846,8649.0,6.196882381415873,0.0,4,5,6,7,9,18,27,46,57,58,58
GET,/basket.html,1823,0,4,5.078593095676648,2.2283229045569897,43.818360194563866,23388.0,5.896094249123767,0.0,4,5,6,6,8,9,11,13,20,44,44
POST,/cart,11122,0,24,25.680380362816855,12.839492876082659,107.51887713558972,0.0,35.971673197342035,0.0,24,26,28,29,32,36,46,55,86,110,110
GET,/catalogue,1908,0,8,9.061042051122913,4.376559983938932,73.8280969671905,2795.0,6.171008133476767,0.0,8,9,10,10,12,15,21,28,73,74,74
GET,/category.html,1908,0,5,5.86618780059861,1.949487952515483,52.02760896645486,11518.0,6.171008133476767,0.0,5,6,7,7,9,11,17,22,50,52,52
GET,/login,1916,0,58,60.03795020485934,19.59407003596425,115.2763890568167,13.0,6.196882381415873,0.0,58,60,61,62,66,78,89,95,110,120,120
POST,/orders,1816,1816,72,69.06431608747215,22.41340302862227,123.46399901434779,227.0,5.873454282177049,5.873454282177049,72,74,76,77,80,84,90,95,120,120,120
,Aggregated,22409,1816,23,25.691110358705533,1.949487952515483,123.46399901434779,3880.3227274755677,72.47700275842813,5.873454282177049,23,26,30,34,61,71,77,82,100,120,120
