Type,Name,Request Count,Failure Count,Median Response Time,Average Response Time,Min Response Time,Max Response Time,Average Content Size,Requests/s,Failures/s,50%,66%,75%,80%,90%,95%,98%,99%,99.9%,99.99%,100%
GET,/,1923,0,5,6.402871297242326,1.8812860362231731,56.374083971604705,8649.0,6.221301210583125,0.0,5,5,6,7,9,21,30,47,55,56,56
GET,/basket.html,1837,0,4,5.00057846833493,2.2036561276763678,40.64152599312365,23388.0,5.943073491337078,0.0,4,5,6,6,8,9,12,13,33,41,41
POST,/cart,11137,0,25,26.21956170489581,13.877568067982793,91.11080784350634,0.0,36.030489642363115,0.0,25,27,28,29,33,37,44,52,78,91,91
GET,/catalogue,1900,0,8,8.961585786953373,4.041003994643688,44.5348578505218,2795.0,6.146891471714996,0.0,8,9,9,10,12,16,21,24,44,45,45
GET,/category.html,1900,0,5,5.659104929991851,2.0926620345562696,39.89041713066399,11518.0,6.146891471714996,0.0,5,6,7,7,9,12,15,17,26,40,40
GET,/login,1922,0,58,60.00922354661184,20.114067010581493,114.27313997410238,13.0,6.21806600454538,0.0,58,60,61,62,66,76,92,98,110,110,110
POST,/orders,1823,1823,72,69.15522319493581,19.518668996170163,115.96331209875643,227.0,5.897780606808651,5.897780606808651,72,74,76,77,81,84,90,94,110,120,120
,Aggregated,22442,1823,23,25.964399552691596,1.8812860362231731,115.96331209875643,3886.8768380714732,72.60449389906734,5.897780606808651,23,27,30,34,60,71,77,82,100,110,120
