Type,Name,Request Count,Failure Count,Median Response Time,Average Response Time,Min Response Time,Max Response Time,Average Content Size,Requests/s,Failures/s,50%,66%,75%,80%,90%,95%,98%,99%,99.9%,99.99%,100%
GET,/,1934,0,4,6.098012773140941,1.6977668274194002,59.88736008293927,8649.0,6.235460384108395,0.0,4,5,6,7,9,20,30,44,59,60,60
GET,/basket.html,1844,0,4,4.832957751433812,2.026977017521858,45.62274506315589,23388.0,5.945289011528376,0.0,4,5,6,6,7,9,12,14,45,46,46
POST,/cart,11161,0,23,24.007446466356914,12.926611118018627,81.71923202462494,0.0,35.98447432628428,0.0,23,25,26,27,30,34,40,47,64,78,82
GET,/catalogue,1923,0,7,8.324487807274686,4.233093000948429,51.44112720154226,2795.0,6.199994994126393,0.0,7,8,9,9,12,14,19,23,47,51,51
GET,/category.html,1923,0,5,5.546771823629559,1.9231080077588558,48.238413175567985,11518.0,6.199994994126393,0.0,5,6,6,7,9,11,15,18,48,48,48
GET,/login,1934,0,56,58.203778133343334,48.613636987283826,104.18868600390851,13.0,6.235460384108395,0.0,56,58,59,60,64,74,94,96,100,100,100
POST,/orders,1834,1834,68,65.33119904315109,17.635666066780686,115.52816885523498,227.0,5.913047747908375,5.913047747908375,68,70,72,73,77,80,87,93,110,120,120
,Aggregated,22553,1834,21,24.285487475420652,1.6977668274194002,115.52816885523498,3893.9385891012284,72.71372184219061,5.913047747908375,21,25,28,31,58,68,73,78,99,110,120
