Type,Name,Request Count,Failure Count,Median Response Time,Average Response Time,Min Response Time,Max Response Time,Average Content Size,Requests/s,Failures/s,50%,66%,75%,80%,90%,95%,98%,99%,99.9%,99.99%,100%
GET,/,13859,0,440.0,457.15287366839766,21.132393972948194,1709.9127278197557,8649.0,44.80835284913638,0.0,440,500,550,590,690,770,870,980,1700,1700,1700
GET,/basket.html,12996,0,450.0,464.797158532412,18.006968079134822,1066.767011070624,23388.0,42.01813649089951,0.0,450,510,550,590,680,750,820,860,970,1100,1100
POST,/cart,79546,0,550.0,548.9529384588659,52.02647717669606,1136.2488891463727,0.0,257.18487883234013,0.0,550,620,670,700,770,820,880,920,1000,1100,1100
GET,/catalogue,13712,0,470.0,477.225810819959,22.820292972028255,1056.8397620227188,2795.0,44.333078452078645,0.0,470,530,580,610,710,770,850,880,950,1100,1100
GET,/category.html,13730,0,470.0,469.23109679526965,17.0955469366163,1050.7159309927374,11518.0,44.39127531702449,0.0,470,530,570,610,690,750,830,880,1000,1000,1100
GET,/login,13847,0,480.0,497.9928409242672,66.02821499109268,1071.7348179314286,13.0,44.76955493917248,0.0,480,560,640,680,760,820,880,920,1100,1100,1100
POST,/orders,12870,12870,570.0,570.0846904339869,68.19692300632596,1161.7333579342812,227.0,41.6107584362786,41.6107584362786,570,640,690,720,790,840,910,960,1100,1100,1200
,Aggregated,160560,12870,510.0,518.5734684992083,17.0955469366163,1709.9127278197557,3882.571126058794,519.1160353169303,41.6107584362786,510,590,640,670,750,810,870,910,1100,1600,1700
