Type,Name,Request Count,Failure Count,Median Response Time,Average Response Time,Min Response Time,Max Response Time,Average Content Size,Requests/s,Failures/s,50%,66%,75%,80%,90%,95%,98%,99%,99.9%,99.99%,100%
GET,/,13871,0,430.0,452.5328324228641,29.07019085250795,1316.6131330654025,8649.0,44.888215180807734,0.0,430,490,540,590,700,770,870,980,1300,1300,1300
GET,/basket.html,13013,0,450.0,461.25368104985245,20.230900030583143,977.0385341253132,23388.0,42.111624551067045,0.0,450,510,550,590,680,750,820,850,940,970,980
POST,/cart,79754,0,540.0,548.5777557238645,48.74237906187773,1069.0452810376883,0.0,258.0934837812804,0.0,540,630,680,710,770,820,880,910,990,1000,1100
GET,/catalogue,13700,0,470.0,477.3564713242647,12.986638117581606,994.4903280120343,2795.0,44.33483872662865,0.0,470,530,570,610,720,790,860,900,960,990,990
GET,/category.html,13731,0,470.0,473.0519331700969,21.11977292224765,979.8834009561688,11518.0,44.4351584346962,0.0,470,540,590,620,700,770,830,870,950,980,980
GET,/login,13848,0,480.0,505.108537646065,74.85105679370463,1017.2655370552093,13.0,44.813784429660835,0.0,480,580,660,700,770,820,890,930,990,1000,1000
POST,/orders,12910,12910,570.0,570.5171705208651,93.60377280972898,1047.9415957815945,227.0,41.77830423071356,41.77830423071356,570,650,700,720,790,840,890,930,1000,1000,1000
,Aggregated,160827,12910,510.0,518.731474517889,12.986638117581606,1316.6131330654025,3879.1625473334702,520.4554093348544,41.77830423071356,510,590,650,680,760,810,870,910,1000,1300,1300
