Type,Name,Request Count,Failure Count,Median Response Time,Average Response Time,Min Response Time,Max Response Time,Average Content Size,Requests/s,Failures/s,50%,66%,75%,80%,90%,95%,98%,99%,99.9%,99.99%,100%
GET,/,1906,0,4,6.120209919791063,1.8718328792601824,54.92253298871219,8649.0,6.165830070401029,0.0,4,5,6,7,9,18,29,42,53,55,55
GET,/basket.html,1818,0,4,5.04193796184041,1.8394358921796083,49.68111892230809,23388.0,5.881153760749775,0.0,4,5,6,6,8,9,12,15,50,50,50
POST,/cart,11170,0,23,23.734814642896023,12.907495955005288,80.99830290302634,0.0,36.134481577323974,0.0,23,24,26,27,30,35,43,50,71,80,81
GET,/catalogue,1890,0,8,8.581243835576863,3.907563164830208,52.6268370449543,2795.0,6.114070741373528,0.0,8,8,9,10,12,16,21,24,51,53,53
GET,/category.html,1890,0,5,5.630853101882157,1.921722199767828,44.54875201918185,11518.0,6.114070741373528,0.0,5,6,6,7,9,12,16,20,42,45,45
GET,/login,1905,0,56,58.086520390893064,48.4748799353838,110.49786186777055,13.0,6.16259511233681,0.0,56,57,59,60,64,78,89,96,110,110,110
POST,/orders,1806,1806,68,65.52675742437343,20.548525033518672,121.94580910727382,227.0,5.842334263979149,5.842334263979149,68,71,72,73,77,81,89,93,110,120,120
,Aggregated,22385,1806,21,24.203987105104467,1.8394358921796083,121.94580910727382,3863.7781996872905,72.41453626753778,5.842334263979149,21,24,27,32,58,68,74,79,99,110,120
