Type,Name,Request Count,Failure Count,Median Response Time,Average Response Time,Min Response Time,Max Response Time,Average Content Size,Requests/s,Failures/s,50%,66%,75%,80%,90%,95%,98%,99%,99.9%,99.99%,100%
GET,/,1927,0,4,6.4028446818979825,1.96172297000885,72.64522300101817,8649.0,6.232942491161736,0.0,4,5,6,7,9,20,31,46,72,73,73
GET,/basket.html,1836,0,4,5.013720722983678,1.8968589138239622,24.428036995232105,23388.0,5.9386001109356235,0.0,4,5,6,6,8,9,11,13,24,24,24
POST,/cart,11157,0,24,25.071215934187816,13.41812196187675,101.0172029491514,0.0,36.08766962838167,0.0,24,26,27,28,31,35,43,52,70,83,100
GET,/catalogue,1920,0,8,8.852106625757491,4.80387918651104,44.603720074519515,2795.0,6.2103007696058805,0.0,8,9,9,10,12,15,23,29,43,45,45
GET,/category.html,1920,0,5,5.63665492166668,2.0304450299590826,41.28751810640097,11518.0,6.2103007696058805,0.0,5,5,6,7,9,12,17,22,35,41,41
GET,/login,1927,0,58,59.65438174128776,49.6576470322907,111.19149997830391,13.0,6.232942491161736,0.0,58,60,61,62,65,74,87,94,100,110,110
POST,/orders,1827,1827,72,69.20191607212206,19.89296800456941,125.39440300315619,227.0,5.909489326078096,5.909489326078096,72,74,75,76,80,84,94,110,120,130,130
,Aggregated,22514,1827,22,25.338338170801805,1.8968589138239622,125.39440300315619,3887.7023629741493,72.82224558693062,5.909489326078096,22,26,29,33,60,71,77,81,100,120,130
