Type,Name,Request Count,Failure Count,Median Response Time,Average Response Time,Min Response Time,Max Response Time,Average Content Size,Requests/s,Failures/s,50%,66%,75%,80%,90%,95%,98%,99%,99.9%,99.99%,100%
GET,/,14179,0,410.0,420.66527488858526,19.6165069937706,1743.9287309534848,8649.0,45.91962370995092,0.0,410,470,510,550,670,760,850,960,1700,1700,1700
GET,/basket.html,13304,0,420.0,425.3999249478962,19.655018113553524,1001.0865959338844,23388.0,43.085878682360324,0.0,420,480,530,560,660,720,800,850,940,970,1000
POST,/cart,81359,0,510.0,511.72747237118256,39.80914712883532,1259.315534029156,0.0,263.4864705139923,0.0,510,580,640,680,760,810,870,920,1100,1200,1300
GET,/catalogue,14012,0,450.0,447.0721194305907,8.954757126048207,1017.2950029373169,2795.0,45.37878323039934,0.0,450,510,560,590,690,760,820,860,1000,1000,1000
GET,/category.html,14024,0,440.0,434.78530944110594,24.546522879973054,997.9511189740151,11518.0,45.41764601934916,0.0,440,500,550,580,680,740,810,850,980,1000,1000
GET,/login,14149,0,450.0,460.5266013319051,46.61823506467044,1050.1434509642422,13.0,45.822466737576384,0.0,450,530,600,650,740,790,850,890,980,1000,1100
POST,/orders,13187,13187,520.0,530.4571593046925,54.79253106750548,1161.3269289955497,227.0,42.70696649009964,42.70696649009964,520,600,670,700,770,840,900,940,1100,1200,1200
,Aggregated,164214,13187,470.0,481.87549245411213,8.954757126048207,1743.9287309534848,3883.08841511686,531.8178353837282,42.70696649009964,470,550,610,650,740,800,860,910,1100,1700,1700
