Type,Name,Request Count,Failure Count,Median Response Time,Average Response Time,Min Response Time,Max Response Time,Average Content Size,Requests/s,Failures/s,50%,66%,75%,80%,90%,95%,98%,99%,99.9%,99.99%,100%
GET,/,1927,0,4,6.047402111886888,1.9205620046705008,70.96475595608354,8649.0,6.227453047525856,0.0,4,5,6,6,9,18,30,44,71,71,71
GET,/basket.html,1847,0,4,4.532202728078552,1.6332711093127728,41.26613982953131,23388.0,5.968918411406464,0.0,4,5,5,6,7,9,10,12,21,41,41
POST,/cart,11160,0,22,23.691352244402285,12.197338975965977,109.15922001004219,0.0,36.06558173865519,0.0,22,24,26,27,30,35,42,50,75,100,110
GET,/catalogue,1910,0,7,8.261950493239217,4.168540006503463,67.544334102422,2795.0,6.172514437350484,0.0,7,8,9,9,11,14,23,29,43,68,68
GET,/category.html,1910,0,4,5.390032337056912,1.9224961288273335,45.09749007411301,11518.0,6.172514437350484,0.0,4,5,6,7,9,11,15,19,41,45,45
GET,/login,1926,0,56,57.97665487108839,48.73085813596845,133.4145897999406,13.0,6.224221364574364,0.0,56,57,59,60,64,75,89,93,120,130,130
POST,/orders,1827,1827,68,65.44068693420398,19.86901694908738,145.646165125072,227.0,5.904284752376616,5.904284752376616,68,70,72,72,76,80,86,92,110,150,150
,Aggregated,22507,1827,21,24.068879587340344,1.6332711093127728,145.646165125072,3893.982138890123,72.73548818923946,5.904284752376616,21,24,27,32,58,68,73,78,97,120,150
