Type,Name,Request Count,Failure Count,Median Response Time,Average Response Time,Min Response Time,Max Response Time,Average Content Size,Requests/s,Failures/s,50%,66%,75%,80%,90%,95%,98%,99%,99.9%,99.99%,100%
GET,/,13680,0,460.0,480.06615649257947,28.71202607639134,2358.9552668854594,8649.0,44.20446810998184,0.0,460,520,570,610,710,780,850,970,2100,2200,2400
GET,/basket.html,12816,0,470.0,488.3712024444337,26.731139048933983,1000.3734009806067,23388.0,41.412606966193515,0.0,470,530,580,610,700,760,820,850,910,1000,1000
POST,/cart,78742,0,570.0,573.6523045689422,58.27087885700166,1152.2233600262552,0.0,254.440659935394,0.0,570,640,690,720,780,830,880,910,1000,1100,1200
GET,/catalogue,13515,0,490.0,502.8942250896106,29.69683101400733,1001.6486551612616,2795.0,43.67130018321671,0.0,490,560,610,640,740,800,840,870,930,1000,1000
GET,/category.html,13554,0,490.0,489.7819026004,40.91819515451789,1002.0741960033774,11518.0,43.79732169317938,0.0,490,550,590,620,700,770,820,850,940,990,1000
GET,/login,13666,0,510.0,535.644001873975,78.55044608004391,1047.7295720484108,13.0,44.15922961922601,0.0,510,610,680,720,790,840,880,920,990,1000,1000
POST,/orders,12724,12724,590.0,598.1452406364983,63.48152901045978,1200.1472560223192,227.0,41.11532545551235,41.11532545551235,590,670,720,740,810,860,910,950,1100,1100,1200
,Aggregated,158697,12724,530.0,544.1995151081301,26.731139048933983,2358.9552668854594,3875.3998563299874,512.8009119627038,41.11532545551235,530,610,660,700,770,820,870,910,1100,2100,2400
