Type,Name,Request Count,Failure Count,Median Response Time,Average Response Time,Min Response Time,Max Response Time,Average Content Size,Requests/s,Failures/s,50%,66%,75%,80%,90%,95%,98%,99%,99.9%,99.99%,100%
GET,/,13722,0,440.0,468.6049895397784,54.4804020319134,1778.0463909730315,8649.0,44.35938553505974,0.0,440,500,560,610,720,800,870,980,1400,1600,1800
GET,/basket.html,12881,0,460.0,479.2707866166315,47.019680961966515,1038.045734167099,23388.0,41.640667911172166,0.0,460,520,570,610,700,770,830,870,940,980,1000
POST,/cart,78864,0,560.0,570.5299606211763,96.51529393158853,1128.0060498975217,0.0,254.94523982196117,0.0,560,650,700,720,800,850,900,930,1000,1100,1100
GET,/catalogue,13569,0,480.0,494.7089824882631,10.322151938453317,1022.2715269774199,2795.0,43.86477935615986,0.0,480,550,600,630,730,800,870,900,970,1000,1000
GET,/category.html,13601,0,470.0,483.5162400549791,12.270167004317045,1023.6740419641137,11518.0,43.96822640011277,0.0,470,550,600,630,710,790,850,880,990,1000,1000
GET,/login,13711,0,500.0,524.6820209399494,73.45305499620736,1107.3398010339588,13.0,44.32382561370092,0.0,500,600,670,710,800,850,920,950,1000,1100,1100
POST,/orders,12762,12762,580.0,588.7836209165794,110.92623393051326,1089.4457679241896,227.0,41.25597421647226,41.25597421647226,580,670,720,740,810,860,920,950,1100,1100,1100
,Aggregated,159110,12762,520.0,537.9607932054375,10.322151938453317,1778.0463909730315,3881.586927283012,514.3580988546389,41.25597421647226,520,610,660,700,780,830,890,930,1100,1400,1800
