Type,Name,Request Count,Failure Count,Median Response Time,Average Response Time,Min Response Time,Max Response Time,Average Content Size,Requests/s,Failures/s,50%,66%,75%,80%,90%,95%,98%,99%,99.9%,99.99%,100%
GET,/,1933,0,5,6.362254473593219,1.9117849878966808,62.15623300522566,8649.0,6.25494516187223,0.0,5,5,6,7,9,19,31,45,61,62,62
GET,/basket.html,1852,0,4,4.973875634904275,2.1239668130874634,48.72785811312497,23388.0,5.992839337706864,0.0,4,5,6,6,8,9,12,14,46,49,49
POST,/cart,11242,0,24,25.53239984627451,14.379637083038688,82.3879879899323,0.0,36.37769969465474,0.0,24,26,27,28,32,36,43,50,69,80,82
GET,/catalogue,1922,0,8,8.833758755534708,4.461891017854214,45.22322793491185,2795.0,6.219350543775699,0.0,8,9,9,10,12,15,21,24,45,45,45
GET,/category.html,1922,0,5,5.455242377113741,2.141570905223489,39.40374404191971,11518.0,6.219350543775699,0.0,5,6,6,7,9,11,14,17,23,39,39
GET,/login,1933,0,58,59.96923962708195,49.985816003754735,105.96297984011471,13.0,6.25494516187223,0.0,58,60,61,62,66,74,87,92,100,110,110
POST,/orders,1833,1833,72,69.40643289886044,21.14309696480632,115.18302117474377,227.0,5.931357724631038,5.931357724631038,72,74,75,76,80,85,92,96,110,120,120
,Aggregated,22637,1833,23,25.58426852166044,1.9117849878966808,115.18302117474377,3886.7296461545257,73.2504881682885,5.931357724631038,23,26,29,33,61,71,76,81,98,110,120
