Type,Name,Request Count,Failure Count,Median Response Time,Average Response Time,Min Response Time,Max Response Time,Average Content Size,Requests/s,Failures/s,50%,66%,75%,80%,90%,95%,98%,99%,99.9%,99.99%,100%
GET,/,1928,0,4,6.097261719038532,1.8329941667616367,63.3238279260695,8649.0,6.23641499432769,0.0,4,5,6,7,9,20,28,47,62,63,63
GET,/basket.html,1838,0,4,4.552522523711731,1.9968769047409296,41.15781094878912,23388.0,5.945296037123597,0.0,4,5,5,6,7,8,10,11,19,41,41
POST,/cart,11128,0,24,25.033962483037268,13.31839500926435,122.5403998978436,0.0,35.99524173074613,0.0,24,26,27,28,31,35,42,50,90,120,120
GET,/catalogue,1912,0,7,8.667524769574902,3.8802530616521835,74.59230115637183,2795.0,6.184660513046963,0.0,7,8,9,9,12,15,21,32,74,75,75
GET,/category.html,1912,0,5,5.401492956757865,1.8737141508609056,47.82660189084709,11518.0,6.184660513046963,0.0,5,5,6,7,9,11,14,18,38,48,48
GET,/login,1928,0,56,58.19165629310112,48.83254296146333,107.52502386458218,13.0,6.23641499432769,0.0,56,58,59,60,63,78,89,95,110,110,110
POST,/orders,1828,1828,69,66.34663321427834,18.91082408837974,173.9816959016025,227.0,5.912949486323143,5.912949486323143,69,71,73,74,77,81,88,95,160,170,170
,Aggregated,22474,1828,22,24.8765734735995,1.8329941667616367,173.9816959016025,3892.0037376523983,72.69563826894218,5.912949486323143,22,26,29,32,59,69,74,79,100,120,170
