Type,Name,Request Count,Failure Count,Median Response Time,Average Response Time,Min Response Time,Max Response Time,Average Content Size,Requests/s,Failures/s,50%,66%,75%,80%,90%,95%,98%,99%,99.9%,99.99%,100%
GET,/,13766,0,440.0,465.2034676585978,21.443302975967526,1986.544364830479,8649.0,44.517230278536005,0.0,440,510,560,600,710,780,870,1000,1400,1700,2000
GET,/basket.html,12882,0,460.0,474.5421388364617,2.4816999211907387,1177.8889149427414,23388.0,41.658503592045676,0.0,460,520,570,600,690,760,820,870,1000,1200,1200
POST,/cart,79215,0,560.0,565.0837303931851,30.5101138073951,1234.5825200900435,0.0,256.16972225150585,0.0,560,640,680,710,790,840,910,960,1200,1200,1200
GET,/catalogue,13591,0,480.0,491.16502027947257,16.75961585715413,1206.378093920648,2795.0,43.95130587792989,0.0,480,540,590,620,730,800,850,880,1200,1200,1200
GET,/category.html,13620,0,480.0,479.23767421889994,30.018385034054518,1202.5663079693913,11518.0,44.045087635744615,0.0,480,540,580,610,690,770,830,870,1000,1200,1200
GET,/login,13742,0,510.0,528.0634844602805,39.927331963554025,1218.6305730137974,13.0,44.43961778931002,0.0,510,610,680,720,790,830,890,950,1200,1200,1200
POST,/orders,12802,12802,580.0,583.7939015261451,58.45234799198806,1225.552281131968,227.0,41.39979529462574,41.39979529462574,580,650,700,730,800,850,930,980,1100,1200,1200
,Aggregated,159618,12802,520.0,533.8568915513603,2.4816999211907387,1986.544364830479,3873.579765439988,516.1812627196978,41.39979529462574,520,600,660,690,770,830,890,940,1200,1400,2000
