Type,Name,Request Count,Failure Count,Median Response Time,Average Response Time,Min Response Time,Max Response Time,Average Content Size,Requests/s,Failures/s,50%,66%,75%,80%,90%,95%,98%,99%,99.9%,99.99%,100%
GET,/,1932,0,4,6.2429079909830145,1.9495810847729445,60.255225049331784,8649.0,6.249320827671713,0.0,4,5,6,7,9,19,29,45,60,60,60
GET,/basket.html,1847,0,4,4.898144957963952,2.2010640241205692,27.354396879673004,23388.0,5.974376588359034,0.0,4,5,6,6,7,9,12,14,24,27,27
POST,/cart,11141,0,26,27.802043716864507,16.461379127576947,81.66293008252978,0.0,36.0371031786183,0.0,26,28,30,31,35,39,46,53,75,80,82
GET,/catalogue,1923,0,8,9.005027069447216,4.724718863144517,48.70896995998919,2795.0,6.220209084685664,0.0,8,9,9,10,12,16,23,29,41,49,49
GET,/category.html,1923,0,5,5.663817087711415,2.04050587490201,75.31439699232578,11518.0,6.220209084685664,0.0,5,6,6,7,9,11,15,23,38,75,75
GET,/login,1932,0,58,59.85402267059411,17.124922014772892,110.15341011807323,13.0,6.249320827671713,0.0,58,60,61,62,66,77,86,92,110,110,110
POST,/orders,1832,1832,72,70.22932188940747,21.70507493428886,127.47911200858653,227.0,5.925857016715621,5.925857016715621,72,74,76,77,81,85,92,99,130,130,130
,Aggregated,22530,1832,25,26.780160578815998,1.9495810847729445,127.47911200858653,3900.238925876609,72.8763966084077,5.925857016715621,25,28,32,36,61,72,77,82,100,120,130
