Type,Name,Request Count,Failure Count,Median Response Time,Average Response Time,Min Response Time,Max Response Time,Average Content Size,Requests/s,Failures/s,50%,66%,75%,80%,90%,95%,98%,99%,99.9%,99.99%,100%
GET,/,1917,0,4,6.223139992925296,2.0338469184935093,61.4512600004673,8649.0,6.201596511571752,0.0,4,5,6,7,9,19,29,42,57,61,61
GET,/basket.html,1832,0,4,4.987593854987978,2.119768876582384,42.54173208028078,23388.0,5.926617010537011,0.0,4,5,6,6,8,10,12,14,42,43,43
POST,/cart,11160,0,25,26.377176256444788,15.307228080928326,100.00634798780084,0.0,36.10319095938485,0.0,25,27,28,29,33,38,46,54,74,84,100
GET,/catalogue,1909,0,8,8.910664866569624,4.504363052546978,50.883393036201596,2795.0,6.175716087944953,0.0,8,9,10,10,12,15,22,25,45,51,51
GET,/category.html,1909,0,5,5.653744631760591,1.9947148393839598,49.91052486002445,11518.0,6.175716087944953,0.0,5,6,6,7,9,12,17,20,49,50,50
GET,/login,1917,0,58,59.88309917612955,49.4057300966233,107.31491702608764,13.0,6.201596511571752,0.0,58,60,61,62,66,74,88,93,110,110,110
POST,/orders,1817,1817,72,69.35350699955059,21.320051979273558,137.582637835294,227.0,5.878091216236762,5.878091216236762,72,74,76,77,80,84,91,100,130,140,140
,Aggregated,22461,1817,23,26.002893878359632,1.9947148393839598,137.582637835294,3881.7437335826544,72.66252438519203,5.878091216236762,23,27,30,35,60,71,77,81,100,130,140
