Type,Name,Request Count,Failure Count,Median Response Time,Average Response Time,Min Response Time,Max Response Time,Average Content Size,Requests/s,Failures/s,50%,66%,75%,80%,90%,95%,98%,99%,99.9%,99.99%,100%
GET,/,1919,0,4,6.0840371958309625,1.8484301399439573,50.00469111837447,8649.0,6.2067817380263515,0.0,4,5,6,7,9,19,30,39,50,50,50
GET,/basket.html,1828,0,4,4.656321855151875,2.0056141074746847,31.695610843598843,23388.0,5.912452848938077,0.0,4,5,5,6,7,9,11,13,21,32,32
POST,/cart,11164,0,25,25.710474098471984,14.26035980693996,103.86111005209386,0.0,36.10865623935705,0.0,25,26,28,29,32,36,44,50,77,93,100
GET,/catalogue,1909,0,7,8.300901738821391,4.1228109039366245,36.66080487892032,2795.0,6.174437904060607,0.0,7,8,9,9,12,15,20,25,34,37,37
GET,/category.html,1910,0,5,5.571572975309185,1.8631061539053917,48.07017697021365,11518.0,6.177672287457182,0.0,5,6,6,7,9,11,15,19,47,48,48
GET,/login,1919,0,56,58.23920862001831,48.99670300073922,110.76601594686508,13.0,6.2067817380263515,0.0,56,58,59,60,64,75,88,93,110,110,110
POST,/orders,1819,1819,69,66.4158932171678,19.625989953055978,130.4823278915137,227.0,5.883343398368908,5.883343398368908,69,71,72,74,77,82,88,94,130,130,130
,Aggregated,22468,1819,23,25.203775746459517,1.8484301399439573,130.4823278915137,3877.6744703578424,72.67012615423454,5.883343398368908,23,26,29,33,58,68,74,79,97,120,130
