Type,Name,Request Count,Failure Count,Median Response Time,Average Response Time,Min Response Time,Max Response Time,Average Content Size,Requests/s,Failures/s,50%,66%,75%,80%,90%,95%,98%,99%,99.9%,99.99%,100%
GET,/,1943,0,4,5.979599244341377,1.883059972897172,55.93811604194343,8649.0,6.262232438239669,0.0,4,5,6,6,9,18,27,44,54,56,56
GET,/basket.html,1856,0,4,4.744459717240433,1.8632670398801565,45.10631808079779,23388.0,5.981833970855803,0.0,4,5,5,6,7,9,12,14,40,45,45
POST,/cart,11262,0,23,24.180706937964743,12.664098059758544,111.05495295487344,0.0,36.297098157208005,0.0,23,25,26,27,30,34,42,49,80,110,110
GET,/catalogue,1933,0,7,8.426063396788235,4.225441953167319,49.264281056821346,2795.0,6.230002729344972,0.0,7,8,9,9,12,16,23,28,47,49,49
GET,/category.html,1933,0,5,5.492989202591302,1.7660369630903006,31.562098069116473,11518.0,6.230002729344972,0.0,5,6,6,7,9,11,16,21,30,32,32
GET,/login,1943,0,56,58.403795731109646,49.44247892126441,109.83508895151317,13.0,6.262232438239669,0.0,56,58,59,60,65,77,91,97,110,110,110
POST,/orders,1843,1843,68,65.42626880470621,17.6838799379766,125.62394398264587,227.0,5.939935349292696,5.939935349292696,68,70,72,73,77,80,87,92,110,130,130
,Aggregated,22713,1843,21,24.37863414298123,1.7660369630903006,125.62394398264587,3888.68859243605,73.20333781252579,5.939935349292696,21,25,28,32,58,68,74,79,99,110,130
