Type,Name,Request Count,Failure Count,Median Response Time,Average Response Time,Min Response Time,Max Response Time,Average Content Size,Requests/s,Failures/s,50%,66%,75%,80%,90%,95%,98%,99%,99.9%,99.99%,100%
GET,/,14114,0,420.0,431.6946565641504,20.6781302113086,1802.8083969838917,8649.0,45.58497661445469,0.0,420,480,530,560,680,760,830,940,1700,1800,1800
GET,/basket.html,13257,0,430.0,436.1558756110144,18.424476031214,970.4955399502069,23388.0,42.817063552347015,0.0,430,490,540,570,650,730,800,830,920,960,970
POST,/cart,81170,0,520.0,521.0875514137623,56.31366092711687,1069.6056229062378,0.0,262.16044720102644,0.0,520,600,640,670,750,810,860,890,970,1100,1100
GET,/catalogue,13936,0,450.0,453.457184357534,11.598290875554085,979.6996170189232,2795.0,45.0100775187077,0.0,450,510,550,580,690,770,830,860,930,970,980
GET,/category.html,13959,0,440.0,446.9183619028947,13.647209154441953,1009.5471399836242,11518.0,45.084362233326694,0.0,440,510,560,590,680,750,820,850,910,960,1000
GET,/login,14086,0,460.0,472.9309933145767,45.23556097410619,1053.4949349239469,13.0,45.49454304883157,0.0,460,550,610,650,750,810,850,890,960,1100,1100
POST,/orders,13127,13127,540.0,540.6447180816845,52.93445894494653,1223.8025481346995,227.0,42.39719342623967,42.39719342623967,540,620,660,690,770,830,880,920,1000,1200,1200
,Aggregated,163649,13127,490.0,491.8355461693753,11.598290875554085,1802.8083969838917,3880.381371105231,528.5486635949338,42.39719342623967,490,560,610,650,740,800,850,890,1000,1700,1800
