Type,Name,Request Count,Failure Count,Median Response Time,Average Response Time,Min Response Time,Max Response Time,Average Content Size,Requests/s,Failures/s,50%,66%,75%,80%,90%,95%,98%,99%,99.9%,99.99%,100%
GET,/,1913,0,5,7.583457277966025,1.934568863362074,72.00786890462041,8649.0,6.18878562998998,0.0,5,7,8,10,15,22,31,38,67,72,72
GET,/basket.html,1828,0,5,6.1205543438329295,1.8695241305977106,64.21429221518338,23388.0,5.913800382447299,0.0,5,6,7,8,11,14,18,24,50,64,64
POST,/cart,11117,0,25,28.053610633737524,13.9317000284791,157.28559903800488,0.0,35.96483525802332,0.0,25,28,31,33,39,46,56,66,120,150,160
GET,/catalogue,1903,0,8,10.104718546275905,4.142496036365628,98.70714507997036,2795.0,6.156434424396723,0.0,8,9,11,12,17,22,29,35,82,99,99
GET,/category.html,1903,0,6,7.27019501488834,1.9968028645962477,66.10019295476377,11518.0,6.156434424396723,0.0,6,7,9,10,13,16,21,25,61,66,66
GET,/login,1913,0,57,59.98959677024675,48.91616408713162,183.06475691497326,13.0,6.18878562998998,0.0,57,59,61,63,71,83,90,99,130,180,180
POST,/orders,1813,1813,71,70.35764652099903,18.77313293516636,134.76641080342233,227.0,5.865273574057414,5.865273574057414,71,74,77,79,86,94,110,110,130,130,130
,Aggregated,22390,1813,23,27.37608257255402,1.8695241305977106,183.06475691497326,3884.4510942384995,72.43434932330143,5.865273574057414,23,28,34,41,62,72,81,88,120,150,180
