Type,Name,Request Count,Failure Count,Median Response Time,Average Response Time,Min Response Time,Max Response Time,Average Content Size,Requests/s,Failures/s,50%,66%,75%,80%,90%,95%,98%,99%,99.9%,99.99%,100%
GET,/,1920,0,4,6.212543338066705,1.9643600098788738,57.05775902606547,8649.0,6.2109017781855504,0.0,4,5,6,7,9,19,27,35,57,57,57
GET,/basket.html,1832,0,4,5.099704935582452,2.103361999616027,35.85017006844282,23388.0,5.9262354466853795,0.0,4,5,6,6,8,9,12,15,34,36,36
POST,/cart,11144,0,25,26.00527630740063,14.3618059810251,113.42805507592857,0.0,36.0491090708853,0.0,25,26,28,29,33,38,45,51,82,100,110
GET,/catalogue,1913,0,8,8.931141685167697,4.725031089037657,46.65917786769569,2795.0,6.188257865452583,0.0,8,9,9,10,12,15,21,28,46,47,47
GET,/category.html,1913,0,5,5.641959670646787,2.0024930126965046,43.46826602704823,11518.0,6.188257865452583,0.0,5,6,6,7,9,12,15,21,41,43,43
GET,/login,1920,0,58,59.69067547048326,49.52632915228605,103.43678714707494,13.0,6.2109017781855504,0.0,58,60,61,62,67,75,87,90,97,100,100
POST,/orders,1820,1820,72,69.50889374282988,21.892531076446176,116.41761590726674,227.0,5.8874173105717205,5.8874173105717205,72,74,76,77,81,85,91,96,120,120,120
,Aggregated,22462,1820,23,25.82424397781583,1.9643600098788738,116.41761590726674,3885.3069628706257,72.66108111541867,5.8874173105717205,23,26,30,35,60,71,77,82,97,110,120
