Type,Name,Request Count,Failure Count,Median Response Time,Average Response Time,Min Response Time,Max Response Time,Average Content Size,Requests/s,Failures/s,50%,66%,75%,80%,90%,95%,98%,99%,99.9%,99.99%,100%
GET,/,1921,0,5,6.370728757590703,2.095254953019321,70.75836008880287,8649.0,6.2133720760395255,0.0,5,5,6,7,9,17,30,35,69,71,71
GET,/basket.html,1836,0,4,5.133826314133829,2.20713100861758,70.27569506317377,23388.0,5.938444108073175,0.0,4,5,6,6,8,9,12,15,44,70,70
POST,/cart,11151,0,25,26.21755144405297,13.64264392759651,105.87188799399883,0.0,36.06731495050325,0.0,25,27,28,29,33,37,45,53,78,95,110
GET,/catalogue,1902,0,8,8.96751626515144,4.657260957174003,76.97417703457177,2795.0,6.151917589082341,0.0,8,9,9,10,12,15,23,27,36,77,77
GET,/category.html,1902,0,5,5.770847508544249,1.9210290629416704,50.30170304235071,11518.0,6.151917589082341,0.0,5,6,7,7,9,11,16,21,31,50,50
GET,/login,1921,0,58,59.88473444910432,50.57017598301172,112.01301298569888,13.0,6.2133720760395255,0.0,58,60,61,62,65,75,87,93,110,110,110
POST,/orders,1821,1821,72,69.91208209001543,20.718491985462606,160.11094790883362,227.0,5.889927407843819,5.889927407843819,72,74,76,77,80,84,91,100,160,160,160
,Aggregated,22454,1821,23,26.02639331383864,1.9210290629416704,160.11094790883362,3884.2416941302217,72.62626579666399,5.889927407843819,23,27,30,35,61,72,77,81,100,140,160
