Type,Name,Request Count,Failure Count,Median Response Time,Average Response Time,Min Response Time,Max Response Time,Average Content Size,Requests/s,Failures/s,50%,66%,75%,80%,90%,95%,98%,99%,99.9%,99.99%,100%
GET,/,13825,0,440.0,457.01155337424206,27.280867099761963,1662.7198909409344,8649.0,44.747339381340566,0.0,440,500,550,600,700,770,850,950,1400,1500,1700
GET,/basket.html,12964,0,460.0,470.25867752003546,4.646539920940995,998.8920812029392,23388.0,41.960543055312776,0.0,460,520,570,600,700,760,810,840,930,1000,1000
POST,/cart,79554,0,550.0,555.5477830429451,55.61728891916573,1220.3581670764834,0.0,257.4922124515853,0.0,550,630,690,720,780,830,880,910,1000,1100,1200
GET,/catalogue,13687,0,470.0,483.13378384717197,6.033319979906082,1043.4485748410225,2795.0,44.30067516183785,0.0,470,540,590,640,740,790,850,890,990,1000,1000
GET,/category.html,13693,0,470.0,470.63885954677494,5.463786888867617,1023.6506192013621,11518.0,44.32009534529449,0.0,470,540,580,620,700,760,830,860,970,990,1000
GET,/login,13818,0,490.0,512.491592767328,54.39246096648276,1060.1166081614792,13.0,44.72468250064115,0.0,490,590,670,710,780,830,880,930,990,1100,1100
POST,/orders,12852,12852,580.0,579.0658902225873,72.8697928134352,1197.918017860502,227.0,41.59803296412217,41.59803296412217,580,660,710,740,800,840,900,930,1000,1200,1200
,Aggregated,160393,12852,520.0,524.9078214526731,4.646539920940995,1662.7198909409344,3876.993596977424,519.1435808601343,41.59803296412217,520,600,660,690,770,820,870,910,1000,1400,1700
