Type,Name,Request Count,Failure Count,Median Response Time,Average Response Time,Min Response Time,Max Response Time,Average Content Size,Requests/s,Failures/s,50%,66%,75%,80%,90%,95%,98%,99%,99.9%,99.99%,100%
GET,/,1925,0,4,6.007685096474824,1.7181250732392073,51.80991906672716,8649.0,6.227530088224025,0.0,4,5,6,6,9,20,31,39,52,52,52
GET,/basket.html,1834,0,4,4.7860532724059865,1.9542151130735874,41.540652979165316,23388.0,5.933137756780708,0.0,4,5,6,6,7,9,11,13,41,42,42
POST,/cart,11142,0,25,26.059297800445744,14.159542042762041,82.74492621421814,0.0,36.04526765869719,0.0,25,27,28,29,33,37,46,53,71,80,83
GET,/catalogue,1914,0,7,8.296240583503018,4.149303073063493,36.332868039608,2795.0,6.191944202005602,0.0,7,8,9,9,12,14,21,24,35,36,36
GET,/category.html,1915,0,5,5.357272662441234,1.9185708370059729,33.966101007536054,11518.0,6.195179282570914,0.0,5,5,6,7,9,11,15,19,31,34,34
GET,/login,1925,0,56,58.129907061478924,48.581531969830394,106.5487249288708,13.0,6.227530088224025,0.0,56,58,59,60,63,75,90,96,100,110,110
POST,/orders,1825,1825,69,66.14632271370557,20.526771899312735,137.36365106888115,227.0,5.904022031692907,5.904022031692907,69,71,72,73,76,80,88,95,120,140,140
,Aggregated,22480,1825,23,25.33142363327991,1.7181250732392073,137.36365106888115,3887.402891459075,72.72461110819538,5.904022031692907,23,27,30,34,58,68,74,78,100,110,140
