Type,Name,Request Count,Failure Count,Median Response Time,Average Response Time,Min Response Time,Max Response Time,Average Content Size,Requests/s,Failures/s,50%,66%,75%,80%,90%,95%,98%,99%,99.9%,99.99%,100%
GET,/,1926,0,4,5.981381594997406,1.72883877530694,62.367622973397374,8649.0,6.2263244901013834,0.0,4,5,6,6,9,16,29,46,62,62,62
GET,/basket.html,1839,0,4,4.696132541143413,1.7771250568330288,49.25355105660856,23388.0,5.945073072324218,0.0,4,5,5,6,7,9,11,12,45,49,49
POST,/cart,11189,0,23,23.588763839958172,12.310350080952048,87.48023305088282,0.0,36.17151854607704,0.0,23,24,25,26,30,33,40,48,73,84,87
GET,/catalogue,1913,0,7,8.628888665082618,4.163926001638174,62.21969309262931,2795.0,6.184298416180658,0.0,7,8,9,9,12,15,26,35,52,62,62
GET,/category.html,1913,0,4,5.646470873054337,1.778363948687911,53.511084988713264,11518.0,6.184298416180658,0.0,4,5,6,7,9,11,20,27,52,54,54
GET,/login,1926,0,56,57.945319742369556,48.758259043097496,109.6371728926897,13.0,6.2263244901013834,0.0,56,57,59,59,63,76,91,95,110,110,110
POST,/orders,1826,1826,68,65.1556322470191,19.43657104857266,109.24081294797361,227.0,5.903046998403493,5.903046998403493,68,70,72,73,76,80,86,90,110,110,110
,Aggregated,22532,1826,21,24.053641061767102,1.72883877530694,109.6371728926897,3882.86947452512,72.84088442936884,5.903046998403493,21,24,27,31,58,68,73,78,98,110,110
