Type,Name,Request Count,Failure Count,Median Response Time,Average Response Time,Min Response Time,Max Response Time,Average Content Size,Requests/s,Failures/s,50%,66%,75%,80%,90%,95%,98%,99%,99.9%,99.99%,100%
GET,/,1904,0,4,6.3215002551221895,2.0068379817530513,57.94948490802199,8649.0,6.161039624491505,0.0,4,5,6,7,10,20,30,40,57,58,58
GET,/basket.html,1823,0,5,5.067942282085338,2.1057870471850038,53.17248508799821,23388.0,5.898936573239504,0.0,5,5,6,6,8,9,11,13,35,53,53
POST,/cart,11110,0,24,25.33714392568881,14.39349097199738,96.2565770605579,0.0,35.95018394333016,0.0,24,26,27,28,32,37,45,51,74,85,96
GET,/catalogue,1894,0,8,8.886473347042484,4.170688102021813,64.09275194164366,2795.0,6.12868122310237,0.0,8,9,9,10,12,15,20,25,53,64,64
GET,/category.html,1894,0,5,5.596661737627313,2.0788529654964805,39.26018392667174,11518.0,6.12868122310237,0.0,5,6,6,7,9,12,15,17,30,39,39
GET,/login,1904,0,58,59.7076681081818,49.05254801269621,99.88409501966089,13.0,6.161039624491505,0.0,58,60,61,62,65,75,87,92,99,100,100
POST,/orders,1804,1804,72,69.16070606270671,21.15235000383109,107.10612300317734,227.0,5.837455610600145,5.837455610600145,72,74,76,77,80,84,90,92,100,110,110
,Aggregated,22333,1804,22,25.46236671946727,2.0068379817530513,107.10612300317734,3879.778892222272,72.26601782235757,5.837455610600145,22,26,29,33,60,71,77,81,94,100,110
