Type,Name,Request Count,Failure Count,Median Response Time,Average Response Time,Min Response Time,Max Response Time,Average Content Size,Requests/s,Failures/s,50%,66%,75%,80%,90%,95%,98%,99%,99.9%,99.99%,100%
GET,/,1925,0,4,6.022671124861612,1.784302992746234,61.01586087606847,8649.0,6.227630676059337,0.0,4,5,6,6,9,17,28,46,59,61,61
GET,/basket.html,1834,0,4,4.783958428201134,1.8451600335538387,47.46272903867066,23388.0,5.933233589554714,0.0,4,5,6,6,7,9,11,12,42,47,47
POST,/cart,11170,0,24,25.12271444670916,14.496649848297238,84.24458606168628,0.0,36.13643358523781,0.0,24,26,27,28,31,35,41,47,71,83,84
GET,/catalogue,1911,0,7,8.479036884952565,4.022991983219981,63.58820688910782,2795.0,6.182338816597087,0.0,7,8,9,10,12,15,20,25,48,64,64
GET,/category.html,1911,0,5,5.563919869734511,1.8198189791291952,44.3716561421752,11518.0,6.182338816597087,0.0,5,6,6,7,9,12,14,17,42,44,44
GET,/login,1924,0,56,57.92540136415883,22.186667192727327,109.40564889460802,13.0,6.224395543240605,0.0,56,58,59,60,63,74,88,92,110,110,110
POST,/orders,1825,1825,69,66.4748114027236,19.45163798518479,124.93725796230137,227.0,5.904117394186124,5.904117394186124,69,71,72,73,77,80,86,89,120,120,120
,Aggregated,22500,1825,22,24.91507713045511,1.784302992746234,124.93725796230137,3881.526533333333,72.79048842147277,5.904117394186124,22,26,29,33,58,68,74,78,94,110,120
