Type,Name,Request Count,Failure Count,Median Response Time,Average Response Time,Min Response Time,Max Response Time,Average Content Size,Requests/s,Failures/s,50%,66%,75%,80%,90%,95%,98%,99%,99.9%,99.99%,100%
GET,/,1921,0,4,5.92213349183173,1.8718531355261803,51.0914281476289,8649.0,6.214892441377976,0.0,4,5,6,6,8,19,30,40,50,51,51
GET,/basket.html,1839,0,4,4.693532542235919,1.9472509156912565,57.50935315154493,23388.0,5.949602914989119,0.0,4,5,5,6,7,9,11,12,45,58,58
POST,/cart,11197,0,24,24.759230497891625,13.333965092897415,86.03765303269029,0.0,36.22496130458573,0.0,24,25,27,28,31,35,42,49,70,82,86
GET,/catalogue,1910,0,7,8.411081027025016,4.138302989304066,46.90335597842932,2795.0,6.179304821984348,0.0,7,8,9,9,12,15,22,26,39,47,47
GET,/category.html,1910,0,5,5.361789359140615,1.9413759000599384,45.8236001431942,11518.0,6.179304821984348,0.0,5,5,6,7,9,12,15,18,44,46,46
GET,/login,1920,0,56,57.95152142066703,48.479659017175436,111.62487603724003,13.0,6.211657203251282,0.0,56,58,59,60,64,74,85,91,110,110,110
POST,/orders,1821,1821,69,65.5382961595563,19.53930198214948,123.65904403850436,227.0,5.891368628708638,5.891368628708638,69,71,72,73,77,81,87,91,110,120,120
,Aggregated,22518,1821,22,24.609435542218765,1.8718531355261803,123.65904403850436,3881.402344790834,72.85109213688145,5.891368628708638,22,25,28,32,58,68,74,78,95,110,120
