Type,Name,Request Count,Failure Count,Median Response Time,Average Response Time,Min Response Time,Max Response Time,Average Content Size,Requests/s,Failures/s,50%,66%,75%,80%,90%,95%,98%,99%,99.9%,99.99%,100%
GET,/,13840,0,440.0,462.33541297745177,65.84957707673311,1952.6862651109695,8649.0,44.767928540643474,0.0,440,500,550,580,700,770,870,1100,1900,2000,2000
GET,/basket.html,13004,0,450.0,462.49319635011426,63.503657002002,970.5977670382708,23388.0,42.063738637465875,0.0,450,510,550,580,670,740,800,840,900,970,970
POST,/cart,79498,0,550.0,553.09565232169,23.19025993347168,1265.1558660436422,0.0,257.1503456014505,0.0,550,620,670,700,770,820,880,920,1000,1200,1300
GET,/catalogue,13682,0,470.0,482.97839169943563,8.99194204248488,986.4379018545151,2795.0,44.25684958765058,0.0,470,530,580,610,720,780,840,870,940,990,990
GET,/category.html,13697,0,470.0,475.6100639035766,6.848278921097517,955.6396699044853,11518.0,44.305369741415724,0.0,470,530,580,610,700,760,830,860,920,950,960
GET,/login,13824,0,490.0,513.4058612417937,57.53021012060344,1121.5048108715564,13.0,44.71617370996065,0.0,490,590,650,690,780,820,880,920,1100,1100,1100
POST,/orders,12862,12862,570.0,577.4999685130446,116.7343151755631,1289.1174838878214,227.0,41.6044145151558,41.6044145151558,570,650,690,720,790,840,900,940,1100,1200,1300
,Aggregated,160407,12862,510.0,523.8589988626238,6.848278921097517,1952.6862651109695,3883.5109066312566,518.8648203337426,41.6044145151558,510,590,640,670,750,810,870,910,1100,1900,2000
