Type,Name,Request Count,Failure Count,Median Response Time,Average Response Time,Min Response Time,Max Response Time,Average Content Size,Requests/s,Failures/s,50%,66%,75%,80%,90%,95%,98%,99%,99.9%,99.99%,100%
GET,/,1922,0,4,6.305345404252573,1.9789389334619045,58.74942697118968,8649.0,6.218096911417696,0.0,4,5,6,7,9,19,29,44,59,59,59
GET,/basket.html,1835,0,4,5.10117068032833,2.0796179305762053,45.764031005091965,23388.0,5.936632587123555,0.0,4,5,6,6,8,9,12,15,44,46,46
POST,/cart,11124,0,25,26.324627392187146,14.818304916843772,87.88938703946769,0.0,35.9886108442302,0.0,25,27,28,30,33,37,44,50,68,85,88
GET,/catalogue,1906,0,8,8.833803602527038,4.9017349956557155,45.77340302057564,2795.0,6.16633335752452,0.0,8,9,9,10,12,15,20,23,32,46,46
GET,/category.html,1906,0,5,5.700723174336422,2.0662560127675533,39.60603894665837,11518.0,6.16633335752452,0.0,5,6,7,7,9,12,16,19,25,40,40
GET,/login,1922,0,58,60.34276388328993,50.17593002412468,132.35948199871927,13.0,6.218096911417696,0.0,58,60,61,63,67,79,91,95,130,130,130
POST,/orders,1822,1822,72,70.17444645266256,21.382272010669112,136.52932294644415,227.0,5.894574699585349,5.894574699585349,72,75,76,77,81,86,94,98,130,140,140
,Aggregated,22437,1822,23,26.111071838178095,1.9789389334619045,136.52932294644415,3889.090163569105,72.58867866882353,5.894574699585349,23,27,30,35,61,72,77,83,100,130,140
