Type,Name,Request Count,Failure Count,Median Response Time,Average Response Time,Min Response Time,Max Response Time,Average Content Size,Requests/s,Failures/s,50%,66%,75%,80%,90%,95%,98%,99%,99.9%,99.99%,100%
GET,/,14058,0,410.0,426.47208394408864,7.460844004526734,1512.5188389793038,8649.0,45.44192401365587,0.0,410,470,510,550,650,730,820,910,1400,1500,1500
GET,/basket.html,13204,0,430.0,439.01604240174356,6.369179813191295,962.9695119801909,23388.0,42.681403092638504,0.0,430,490,530,560,640,710,770,810,920,950,960
POST,/cart,80869,0,520.0,523.9618418216456,39.75776303559542,1087.8526191227138,0.0,261.4058154118891,0.0,520,590,640,670,740,790,860,900,980,1000,1100
GET,/catalogue,13904,0,450.0,457.4180277779747,14.124328037723899,995.3572130762041,2795.0,44.94412515904618,0.0,450,510,550,580,680,750,810,860,940,990,1000
GET,/category.html,13917,0,440.0,445.1926079651774,12.440087040886283,953.926248010248,11518.0,44.98614714027947,0.0,440,500,540,570,660,720,780,830,920,940,950
GET,/login,14045,0,450.0,478.4129592565334,67.4750900361687,978.4356791060418,13.0,45.39990203242259,0.0,450,540,610,650,740,790,860,890,970,980,980
POST,/orders,13095,13095,540.0,544.8262641984619,32.93261001817882,1129.6954930294305,227.0,42.32906494229788,42.32906494229788,540,610,660,690,760,820,870,910,1000,1000,1100
,Aggregated,163092,13095,480.0,494.0394273903456,6.369179813191295,1512.5188389793038,3879.501324405857,527.1883817922296,42.32906494229788,480,560,610,640,720,780,850,890,1000,1400,1500
