Type,Name,Request Count,Failure Count,Median Response Time,Average Response Time,Min Response Time,Max Response Time,Average Content Size,Requests/s,Failures/s,50%,66%,75%,80%,90%,95%,98%,99%,99.9%,99.99%,100%
GET,/,14115,0,410.0,419.88726480030317,14.636249979957938,1335.2651200257242,8649.0,45.691599896639644,0.0,410,470,510,550,660,740,830,880,1200,1300,1300
GET,/basket.html,13251,0,430.0,435.284581915532,18.598324037157,966.0994609585032,23388.0,42.894749573529715,0.0,430,490,530,570,650,730,800,830,910,970,970
POST,/cart,81366,0,510.0,513.6002584232571,31.558259041048586,1080.3560839267448,0.0,263.38949466453994,0.0,510,580,640,670,740,800,860,900,1000,1100,1100
GET,/catalogue,13969,0,440.0,448.5995530578473,10.323859984055161,961.9033460039645,2795.0,45.218983985558566,0.0,440,500,550,580,680,760,840,870,950,960,960
GET,/category.html,13997,0,430.0,437.4543589856893,6.612058961763978,986.9578620418906,11518.0,45.30962265343713,0.0,430,500,550,580,660,730,800,850,920,960,990
GET,/login,14102,0,440.0,462.99097326901096,54.358110995963216,1037.981354049407,13.0,45.64951765798174,0.0,440,530,590,630,730,790,850,880,960,970,1000
POST,/orders,13164,13164,530.0,532.486998630831,59.96201897505671,1073.5015099635348,227.0,42.61312228404989,42.61312228404989,530,610,660,690,760,810,880,910,1000,1100,1100
,Aggregated,163964,13164,470.0,484.3292231153785,6.612058961763978,1335.2651200257242,3875.4078822180477,530.7670907157367,42.61312228404989,470,550,600,640,720,790,850,890,990,1200,1300
