Type,Name,Request Count,Failure Count,Median Response Time,Average Response Time,Min Response Time,Max Response Time,Average Content Size,Requests/s,Failures/s,50%,66%,75%,80%,90%,95%,98%,99%,99.9%,99.99%,100%
GET,/,1927,0,4,6.222765411737945,2.0377261098474264,54.12142397835851,8649.0,6.233719279097262,0.0,4,5,6,7,9,18,28,44,53,54,54
GET,/basket.html,1842,0,4,5.085622994547728,2.0507778972387314,50.896387081593275,23388.0,5.9587498246482395,0.0,4,5,6,6,7,9,11,14,43,51,51
POST,/cart,11133,0,24,25.67583734955032,12.86686584353447,89.34991899877787,0.0,36.01452866330556,0.0,24,26,28,29,32,36,44,52,79,89,89
GET,/catalogue,1913,0,8,9.011487076467928,4.657230107113719,58.53474885225296,2795.0,6.188430192482129,0.0,8,9,9,10,12,15,22,29,54,59,59
GET,/category.html,1913,0,5,5.710643397398796,2.1040579304099083,51.11955991014838,11518.0,6.188430192482129,0.0,5,6,7,7,9,12,16,20,44,51,51
GET,/login,1927,0,58,59.71246731352036,31.6299251280725,111.43822292797267,13.0,6.233719279097262,0.0,58,60,61,62,66,75,87,91,100,110,110
POST,/orders,1827,1827,72,69.67380966203105,22.417905973270535,134.7545280586928,227.0,5.910225803274882,5.910225803274882,72,74,76,77,80,84,91,96,130,130,130
,Aggregated,22482,1827,23,25.697513303047376,2.0377261098474264,134.7545280586928,3895.021261453607,72.72780323438747,5.910225803274882,23,26,29,34,61,72,77,82,98,120,130
