Type,Name,Request Count,Failure Count,Median Response Time,Average Response Time,Min Response Time,Max Response Time,Average Content Size,Requests/s,Failures/s,50%,66%,75%,80%,90%,95%,98%,99%,99.9%,99.99%,100%
GET,/,13581,0,480.0,494.99285614463804,18.618115223944187,1614.8592280223966,8649.0,43.7687478507004,0.0,480,530,580,630,740,800,870,950,1500,1600,1600
GET,/basket.html,12705,0,500.0,512.8647372431889,18.41059303842485,1029.9406410194933,23388.0,40.94558143311601,0.0,500,550,600,640,740,790,840,890,1000,1000,1000
POST,/cart,77850,0,600.0,598.9658775166398,60.65196101553738,1141.4561048150063,0.0,250.8944127955987,0.0,600,670,720,750,810,860,920,960,1000,1100,1100
GET,/catalogue,13420,0,510.0,526.3583940513684,30.94998700544238,1081.3999930396676,2795.0,43.249878223724274,0.0,510,580,640,670,760,820,870,910,1000,1100,1100
GET,/category.html,13444,0,510.0,513.0633821409116,30.25189507752657,1015.3141010086983,11518.0,43.32722524886357,0.0,510,580,620,650,740,800,870,910,980,1000,1000
GET,/login,13560,0,550.0,561.7298991763985,73.0190968606621,1156.924227019772,13.0,43.70106920370351,0.0,550,650,720,750,820,860,930,970,1000,1200,1200
POST,/orders,12607,12607,620.0,620.2904880281023,64.41309512592852,1185.5736151337624,227.0,40.629747747130544,40.629747747130544,620,700,750,770,830,880,940,970,1100,1200,1200
,Aggregated,157167,12607,560.0,567.9713387907044,18.41059303842485,1614.8592280223966,3881.231874375664,506.516662502837,40.629747747130544,560,640,700,730,800,850,910,950,1100,1400,1600
