Type,Name,Request Count,Failure Count,Median Response Time,Average Response Time,Min Response Time,Max Response Time,Average Content Size,Requests/s,Failures/s,50%,66%,75%,80%,90%,95%,98%,99%,99.9%,99.99%,100%
GET,/,13731,0,440.0,464.4457247874929,33.34178798831999,1727.342780912295,8649.0,44.480976646247505,0.0,440,510,570,610,720,800,860,910,1600,1700,1700
GET,/basket.html,12872,0,450.0,471.1531166371554,36.333407973870635,971.2221811059862,23388.0,41.69828354748364,0.0,450,520,570,610,690,760,820,870,950,970,970
POST,/cart,79274,0,560.0,563.8259256183962,58.29374003224075,1114.9346809834242,0.0,256.8046713753277,0.0,560,640,690,720,790,840,900,930,1000,1100,1100
GET,/catalogue,13585,0,480.0,487.33404051705463,32.21667208708823,1014.4806958269328,2795.0,44.00801600315143,0.0,480,540,590,630,720,790,850,890,960,990,1000
GET,/category.html,13608,0,470.0,477.45299341125184,56.551339104771614,1003.2151639461517,11518.0,44.08252350172136,0.0,470,540,600,630,700,780,840,870,970,1000,1000
GET,/login,13708,0,500.0,520.8756956768979,75.18267701379955,1111.86803993769,13.0,44.406469147677576,0.0,500,610,670,710,790,850,910,940,1100,1100,1100
POST,/orders,12790,12790,590.0,588.8812598795284,98.54087908752263,1215.6341099180281,227.0,41.432648117799545,41.432648117799545,590,670,720,750,820,880,940,980,1100,1200,1200
,Aggregated,159568,12790,520.0,532.2388713078109,32.21667208708823,1727.342780912295,3870.439611952271,516.9135883394088,41.432648117799545,520,610,660,690,770,830,890,930,1100,1600,1700
