Type,Name,Request Count,Failure Count,Median Response Time,Average Response Time,Min Response Time,Max Response Time,Average Content Size,Requests/s,Failures/s,50%,66%,75%,80%,90%,95%,98%,99%,99.9%,99.99%,100%
GET,/,1910,0,5,6.327541517118158,2.0370339043438435,64.15524194017053,8649.0,6.179449793932916,0.0,5,5,6,7,9,19,28,45,64,64,64
GET,/basket.html,1815,0,4,5.137897615472353,2.158203162252903,46.78279091604054,23388.0,5.872094961250388,0.0,4,5,6,6,8,9,12,13,45,47,47
POST,/cart,11130,0,24,25.129233712103698,13.442397117614746,97.00535098090768,0.0,36.00904513427924,0.0,24,26,27,28,32,36,43,50,72,90,97
GET,/catalogue,1891,0,8,8.838149122150131,4.506685072556138,44.979918049648404,2795.0,6.11797882739641,0.0,8,9,9,10,12,16,20,23,35,45,45
GET,/category.html,1891,0,5,5.6205258232165605,1.9746129401028156,42.86496015265584,11518.0,6.11797882739641,0.0,5,6,6,7,9,11,14,16,23,43,43
GET,/login,1908,0,58,59.59745718237497,28.165701078251004,102.47743199579418,13.0,6.172979165876441,0.0,58,60,61,62,66,73,89,91,96,100,100
POST,/orders,1810,1810,72,69.53984801155819,22.53845101222396,144.23456089571118,227.0,5.855918391109203,5.855918391109203,72,74,76,77,80,84,91,95,130,140,140
,Aggregated,22355,1810,22,25.409066750707776,1.9746129401028156,144.23456089571118,3868.054887049877,72.32544510124102,5.855918391109203,22,26,29,34,60,71,77,81,95,120,140
