Type,Name,Request Count,Failure Count,Median Response Time,Average Response Time,Min Response Time,Max Response Time,Average Content Size,Requests/s,Failures/s,50%,66%,75%,80%,90%,95%,98%,99%,99.9%,99.99%,100%
GET,/,13799,0,440.0,459.4745653234592,27.721275808289647,1626.0942260269076,8649.0,44.58581289504114,0.0,440,500,540,580,690,770,840,900,1400,1500,1600
GET,/basket.html,12935,0,460.0,468.48899370657335,35.647462122142315,982.796628959477,23388.0,41.79415101075129,0.0,460,520,550,580,680,750,810,840,940,980,980
POST,/cart,79552,0,550.0,562.2201528337796,49.425201024860144,1067.5372539553791,0.0,257.0396831238722,0.0,550,630,670,700,770,830,880,930,1000,1100,1100
GET,/catalogue,13646,0,480.0,485.8466226998251,18.997628008946776,1002.2991858422756,2795.0,44.091456103031476,0.0,480,540,580,610,710,780,850,890,980,1000,1000
GET,/category.html,13675,0,470.0,467.37295116817194,35.67267791368067,1013.444528914988,11518.0,44.18515771720324,0.0,470,530,560,590,680,750,810,850,950,980,1000
GET,/login,13771,0,510.0,523.901146557997,83.77160900272429,1085.9319758601487,13.0,44.49534237101322,0.0,510,590,660,700,780,830,890,920,1000,1100,1100
POST,/orders,12829,12829,580.0,588.4171278386616,104.46878103539348,1146.35240403004,227.0,41.45165545550277,41.45165545550277,580,660,710,730,800,850,920,960,1100,1100,1100
,Aggregated,160207,12829,520.0,530.0053455941575,18.997628008946776,1626.0942260269076,3873.811737314849,517.6432586764154,41.45165545550277,520,590,640,680,760,810,870,920,1000,1400,1600
