Type,Name,Request Count,Failure Count,Median Response Time,Average Response Time,Min Response Time,Max Response Time,Average Content Size,Requests/s,Failures/s,50%,66%,75%,80%,90%,95%,98%,99%,99.9%,99.99%,100%
GET,/,13970,0,430.0,445.3134293873303,13.793923892080784,1307.1025591343641,8649.0,45.06707915201108,0.0,430,490,540,580,680,760,830,870,1200,1300,1300
GET,/basket.html,13111,0,450.0,460.21948902588997,8.730113971978426,990.0391912087798,23388.0,42.29595381259966,0.0,450,510,560,590,670,740,810,840,910,980,990
POST,/cart,80185,0,540.0,545.1983023803908,44.636660953983665,1032.5812550727278,0.0,258.6760015607737,0.0,540,620,670,700,770,810,860,890,970,1000,1000
GET,/catalogue,13835,0,470.0,471.5901712518432,20.84882417693734,1013.1753080058843,2795.0,44.63157051310475,0.0,470,520,580,610,710,780,850,870,970,1000,1000
GET,/category.html,13844,0,460.0,459.1017723667692,16.0195529460907,1009.0704099275172,11518.0,44.66060442236517,0.0,460,520,570,600,680,740,810,840,950,1000,1000
GET,/login,13965,0,480.0,498.78452580235097,58.73676296323538,1012.6683241687715,13.0,45.05094920242196,0.0,480,570,640,680,760,820,870,900,990,1000,1000
POST,/orders,12986,12986,570.0,572.0878657029845,70.46845019795,1066.6028240229934,227.0,41.89270507287158,41.89270507287158,570,650,700,730,790,840,890,930,990,1100,1100
,Aggregated,161896,12986,500.0,514.1980412628769,8.730113971978426,1307.1025591343641,3883.4806418935614,522.274863736148,41.89270507287158,500,590,640,670,750,800,860,890,1000,1200,1300
