Type,Name,Request Count,Failure Count,Median Response Time,Average Response Time,Min Response Time,Max Response Time,Average Content Size,Requests/s,Failures/s,50%,66%,75%,80%,90%,95%,98%,99%,99.9%,99.99%,100%
GET,/,1928,0,4,6.141038158912351,1.7967610619962215,72.09808682091534,8649.0,6.2389786834058265,0.0,4,5,6,7,9,18,29,42,72,72,72
GET,/basket.html,1843,0,4,4.765962369156859,1.999508822336793,47.43312788195908,23388.0,5.963919975890528,0.0,4,5,6,6,7,9,11,12,43,47,47
POST,/cart,11219,0,23,24.480532769375102,13.905551051720977,94.07903300598264,0.0,36.30451340722509,0.0,23,25,26,27,31,34,42,48,71,89,94
GET,/catalogue,1915,0,7,8.549258327257501,4.141384968534112,73.22165998630226,2795.0,6.196910881079957,0.0,7,8,9,9,12,15,22,27,71,73,73
GET,/category.html,1915,0,5,5.452746356528632,1.9218609668314457,43.10478107072413,11518.0,6.196910881079957,0.0,5,6,6,7,9,11,14,19,30,43,43
GET,/login,1928,0,56,57.99086344888708,49.33846485801041,111.23064998537302,13.0,6.2389786834058265,0.0,56,58,59,60,64,72,87,91,100,110,110
POST,/orders,1828,1828,68,65.58910110663251,18.652513157576323,114.94881706312299,227.0,5.9153802039760635,5.9153802039760635,68,70,72,73,77,81,85,92,110,110,110
,Aggregated,22576,1828,22,24.529933906723397,1.7967610619962215,114.94881706312299,3881.5011959603116,73.05559271606325,5.9153802039760635,22,25,28,32,58,68,73,78,96,110,110
