Type,Name,Request Count,Failure Count,Median Response Time,Average Response Time,Min Response Time,Max Response Time,Average Content Size,Requests/s,Failures/s,50%,66%,75%,80%,90%,95%,98%,99%,99.9%,99.99%,100%
GET,/,14383,0,380.0,409.1843993978886,15.46611194498837,2213.38831493631,8649.0,46.46214741493293,0.0,380,450,500,540,670,780,960,1300,2100,2200,2200
GET,/basket.html,13545,0,390.0,397.70761377227296,19.63974116370082,1191.3943940307945,23388.0,43.75511275361653,0.0,390,460,500,540,630,720,800,850,990,1200,1200
POST,/cart,82762,0,480.0,487.8664116767494,37.30588196776807,1252.3044468834996,0.0,267.3503611454272,0.0,480,560,610,650,740,810,870,920,1100,1200,1300
GET,/catalogue,14223,0,410.0,418.9833409866101,11.961211916059256,1186.487392988056,2795.0,45.94529115501572,0.0,410,480,520,560,660,750,830,860,1100,1200,1200
GET,/category.html,14235,0,400.0,407.12942272267026,10.923008900135756,1207.6195098925382,11518.0,45.98405537450951,0.0,400,470,520,560,660,740,800,850,1000,1200,1200
GET,/login,14380,0,420.0,439.41054516871844,46.814603032544255,1234.6640329342335,13.0,46.45245636005948,0.0,420,510,570,620,730,800,870,930,1100,1200,1200
POST,/orders,13405,13405,500.0,506.05118681069814,55.74438697658479,1210.1867271121591,227.0,43.302863526188965,43.302863526188965,500,580,640,670,760,820,890,930,1100,1200,1200
,Aggregated,166933,13405,450.0,458.30408606033586,10.923008900135756,2213.38831493631,3882.5811373425267,539.2522877297503,43.302863526188965,450,530,580,620,720,790,860,920,1200,2100,2200
