Type,Name,Request Count,Failure Count,Median Response Time,Average Response Time,Min Response Time,Max Response Time,Average Content Size,Requests/s,Failures/s,50%,66%,75%,80%,90%,95%,98%,99%,99.9%,99.99%,100%
GET,/,1930,0,4,6.112445091437838,1.7255188431590796,57.371573988348246,8649.0,6.23861934201778,0.0,4,5,6,7,9,19,30,47,57,57,57
GET,/basket.html,1849,0,4,4.736596668313377,1.9974489696323872,42.98253892920911,23388.0,5.9767912763683295,0.0,4,5,6,6,7,9,11,14,42,43,43
POST,/cart,11139,0,23,23.94397042150589,12.852857122197747,80.18779498524964,0.0,36.00620769468189,0.0,23,25,26,27,30,34,42,47,63,77,80
GET,/catalogue,1921,0,7,8.44007025204719,3.9606038480997086,53.11145004816353,2795.0,6.209527334723397,0.0,7,8,9,9,12,15,22,26,49,53,53
GET,/category.html,1921,0,5,5.44631259987603,1.9834290724247694,51.21350288391113,11518.0,6.209527334723397,0.0,5,6,6,7,9,12,16,17,43,51,51
GET,/login,1929,0,56,58.26689666337462,48.72677195817232,111.68643902055919,13.0,6.235386896762849,0.0,56,58,59,60,64,76,88,96,110,110,110
POST,/orders,1830,1830,68,65.91080304507491,16.698838910087943,120.80167792737484,227.0,5.915374816524631,5.915374816524631,68,71,72,73,77,81,88,93,110,120,120
,Aggregated,22519,1830,21,24.288655246059854,1.7255188431590796,120.80167792737484,3902.1600426306672,72.79143469580228,5.915374816524631,21,25,28,32,58,68,74,78,99,110,120
