Type,Name,Request Count,Failure Count,Median Response Time,Average Response Time,Min Response Time,Max Response Time,Average Content Size,Requests/s,Failures/s,50%,66%,75%,80%,90%,95%,98%,99%,99.9%,99.99%,100%
GET,/,13868,0,430.0,448.59675124802624,48.43101114965975,1733.4380159154534,8649.0,44.84300495662673,0.0,430,490,540,580,700,770,860,930,1600,1700,1700
GET,/basket.html,13021,0,450.0,460.8527825944021,47.17594105750322,999.554943991825,23388.0,42.10417994954115,0.0,450,510,550,590,680,760,820,870,950,1000,1000
POST,/cart,80072,0,540.0,547.7101955969754,44.808241073042154,1078.9313199929893,0.0,258.9175867383195,0.0,540,620,670,700,780,830,890,930,1000,1100,1100
GET,/catalogue,13695,0,470.0,475.1659012266835,6.134917959570885,1032.7428400050849,2795.0,44.283599140539586,0.0,470,530,580,610,720,790,870,900,970,1000,1000
GET,/category.html,13735,0,450.0,463.94640293372726,5.584276979789138,1011.4825968630612,11518.0,44.41294152576205,0.0,450,530,570,610,710,770,840,890,990,1000,1000
GET,/login,13843,0,480.0,500.5237435264927,63.85759497061372,1047.6541300304234,13.0,44.76216596586269,0.0,480,580,640,690,780,830,880,910,980,1000,1000
POST,/orders,12912,12912,560.0,569.6116168862105,111.06587806716561,1055.1791698671877,227.0,41.75172194980994,41.75172194980994,560,640,690,720,800,850,900,930,1000,1100,1100
,Aggregated,161146,12912,510.0,516.5590883470599,5.584276979789138,1733.4380159154534,3872.685130254552,521.0752002264617,41.75172194980994,510,590,640,680,760,820,880,920,1000,1600,1700
