Type,Name,Request Count,Failure Count,Median Response Time,Average Response Time,Min Response Time,Max Response Time,Average Content Size,Requests/s,Failures/s,50%,66%,75%,80%,90%,95%,98%,99%,99.9%,99.99%,100%
GET,/,13847,0,430.0,452.77141854285696,14.362865127623081,1411.4333451725543,8649.0,44.81681202481048,0.0,430,490,540,580,690,770,880,990,1400,1400,1400
GET,/basket.html,12973,0,450.0,460.8349086449751,22.934423061087728,1083.5503758862615,23388.0,41.98804812579377,0.0,450,500,550,590,680,750,820,870,1000,1000,1100
POST,/cart,80038,0,540.0,544.7165379504877,21.397364092990756,1135.8812770340592,0.0,259.048747081807,0.0,540,620,670,690,760,820,880,920,1100,1100,1100
GET,/catalogue,13700,0,460.0,475.86637452095204,23.84627005085349,1084.6349301282316,2795.0,44.34103594568524,0.0,460,530,580,620,710,780,860,890,1100,1100,1100
GET,/category.html,13727,0,450.0,465.0378831832328,22.675750078633428,1074.322012020275,11518.0,44.42842338878988,0.0,450,530,580,610,700,760,830,870,1000,1100,1100
GET,/login,13825,0,480.0,500.8462594733969,42.07192501053214,1088.6233178898692,13.0,44.74560744154004,0.0,480,570,640,680,760,830,880,920,1100,1100,1100
POST,/orders,12889,12889,560.0,567.0713476927328,80.21947392262518,1143.0426058359444,227.0,41.71617608057935,41.71617608057935,560,640,690,720,790,840,900,950,1100,1100,1100
,Aggregated,160999,12889,500.0,515.4198837130662,14.362865127623081,1411.4333451725543,3867.600674538351,521.0848500890057,41.71617608057935,500,580,640,670,750,810,870,920,1100,1400,1400
