Type,Name,Request Count,Failure Count,Median Response Time,Average Response Time,Min Response Time,Max Response Time,Average Content Size,Requests/s,Failures/s,50%,66%,75%,80%,90%,95%,98%,99%,99.9%,99.99%,100%
GET,/,14007,0,430.0,441.03838280021523,3.0140529852360487,1823.3829911332577,8649.0,45.31414451759608,0.0,430,490,540,580,690,760,840,940,1500,1600,1800
GET,/basket.html,13146,0,430.0,445.2261145549496,5.078175803646445,970.0500410981476,23388.0,42.52871734335104,0.0,430,490,540,570,680,740,800,840,950,970,970
POST,/cart,80271,0,530.0,533.4603235448254,30.27011500671506,1287.6422049012035,0.0,259.6852784016531,0.0,530,610,660,690,770,820,890,930,1100,1200,1300
GET,/catalogue,13859,0,460.0,464.80586066784895,8.79974290728569,1024.1242700722069,2795.0,44.835348673474975,0.0,460,520,570,610,700,770,840,890,960,1000,1000
GET,/category.html,13886,0,450.0,450.60830950627945,11.65167591534555,1018.4241228271276,11518.0,44.92269656395653,0.0,450,510,560,600,690,750,810,850,960,1000,1000
GET,/login,13994,0,460.0,485.43973732248867,53.2070139888674,1246.6454121749848,13.0,45.27208812588273,0.0,460,560,620,660,750,810,870,910,1100,1200,1200
POST,/orders,13036,13036,550.0,557.3344390750428,38.85780810378492,1358.526418916881,227.0,42.17285556731509,42.17285556731509,550,630,680,710,790,850,920,970,1100,1300,1400
,Aggregated,162199,13036,490.0,503.14433258998207,3.0140529852360487,1823.3829911332577,3886.714085783513,524.7311291932295,42.17285556731509,490,570,630,660,750,810,870,920,1100,1500,1800
