Type,Name,Request Count,Failure Count,Median Response Time,Average Response Time,Min Response Time,Max Response Time,Average Content Size,Requests/s,Failures/s,50%,66%,75%,80%,90%,95%,98%,99%,99.9%,99.99%,100%
GET,/,1918,0,4,6.07135711707334,1.8599031027406454,60.57561212219298,8649.0,6.197927765772894,0.0,4,5,6,6,9,18,29,45,59,61,61
GET,/basket.html,1835,0,4,4.500463458503868,1.9660498946905136,36.193693056702614,23388.0,5.929717127316612,0.0,4,5,5,6,7,8,10,11,36,36,36
POST,/cart,11142,0,22,23.554963169974183,12.337530963122845,83.21711700409651,0.0,36.00485462264942,0.0,22,24,25,26,29,33,40,46,67,79,83
GET,/catalogue,1909,0,7,8.33061909009866,4.024955909699202,46.5282138902694,2795.0,6.168844684494502,0.0,7,8,9,9,11,14,18,22,44,47,47
GET,/category.html,1909,0,5,5.377860228916959,1.9757049158215523,38.706205785274506,11518.0,6.168844684494502,0.0,5,5,6,7,8,11,14,18,37,39,39
GET,/login,1917,0,56,58.031082302710864,26.789943920448422,114.63892203755677,13.0,6.194696312297517,0.0,56,57,59,60,63,73,91,99,110,110,110
POST,/orders,1818,1818,69,65.43611794120014,18.46569892950356,131.81767892092466,227.0,5.874782418235204,5.874782418235204,69,70,72,73,77,81,86,90,130,130,130
,Aggregated,22448,1818,21,23.99904433571601,1.8599031027406454,131.81767892092466,3887.5127405559515,72.53966761526065,5.874782418235204,21,24,27,31,58,68,73,78,100,110,130
