Type,Name,Request Count,Failure Count,Median Response Time,Average Response Time,Min Response Time,Max Response Time,Average Content Size,Requests/s,Failures/s,50%,66%,75%,80%,90%,95%,98%,99%,99.9%,99.99%,100%
GET,/,1909,0,4,6.034298124247474,1.727777998894453,57.67420097254217,8649.0,6.178435310157806,0.0,4,5,6,6,9,18,30,41,56,58,58
GET,/basket.html,1817,0,4,4.752573211219656,1.9770530052483082,63.2227580063045,23388.0,5.880679391595984,0.0,4,5,5,6,7,9,11,14,61,63,63
POST,/cart,11231,0,23,24.10319335633885,13.618302997201681,103.20640192367136,0.0,36.34887740617199,0.0,23,25,26,27,30,33,40,47,86,100,100
GET,/catalogue,1890,0,8,8.402192500720501,4.3068560771644115,52.25481907837093,2795.0,6.116942240020038,0.0,8,8,9,9,11,14,19,28,51,52,52
GET,/category.html,1890,0,5,5.536666474546547,1.9410301465541124,43.87770895846188,11518.0,6.116942240020038,0.0,5,6,6,7,9,11,14,21,40,44,44
GET,/login,1909,0,56,58.146357182496274,48.8594239577651,124.75187797099352,13.0,6.178435310157806,0.0,56,58,59,60,63,75,86,91,110,120,120
POST,/orders,1809,1809,69,65.46906725029348,19.09134490415454,114.69600512646139,227.0,5.854787572590608,5.854787572590608,69,71,72,73,77,81,86,89,110,110,110
,Aggregated,22455,1809,22,24.34367611709807,1.727777998894453,124.75187797099352,3851.8800712536186,72.67509947071426,5.854787572590608,22,25,28,31,58,68,74,79,99,110,120
