Type,Name,Request Count,Failure Count,Median Response Time,Average Response Time,Min Response Time,Max Response Time,Average Content Size,Requests/s,Failures/s,50%,66%,75%,80%,90%,95%,98%,99%,99.9%,99.99%,100%
GET,/,13709,0,460.0,481.4595326833617,39.6828951779753,1660.859591094777,8649.0,44.37124428708702,0.0,460,520,570,600,700,770,850,1000,1500,1600,1700
GET,/basket.html,12863,0,480.0,491.42213818371863,50.68784486502409,1101.3028230518103,23388.0,41.63303780471226,0.0,480,530,570,600,690,750,810,860,1000,1100,1100
POST,/cart,78422,0,570.0,573.4448944156227,78.494364162907,1286.3596519455314,0.0,253.82462028462606,0.0,570,630,680,710,780,820,880,930,1100,1300,1300
GET,/catalogue,13555,0,490.0,507.8917010003829,16.677786828950047,1130.122830858454,2795.0,43.87280008107554,0.0,490,550,600,630,730,780,830,900,1100,1100,1100
GET,/category.html,13579,0,490.0,497.55530647322865,43.03804086521268,1089.3913921900094,11518.0,43.95047969759681,0.0,490,550,590,620,700,770,820,860,1000,1100,1100
GET,/login,13697,0,520.0,535.7067136087786,70.91132504865527,1240.2435338590294,13.0,44.33240447882639,0.0,520,610,660,700,780,820,900,970,1100,1200,1200
POST,/orders,12730,12730,580.0,588.7027839739176,99.34008913114667,1302.3629770614207,227.0,41.20256326315689,41.20256326315689,580,650,690,720,790,840,900,940,1100,1200,1300
,Aggregated,158555,12730,530.0,544.6988364720293,16.677786828950047,1660.859591094777,3889.9177130964017,513.187149897081,41.20256326315689,530,610,650,680,760,810,870,920,1100,1500,1700
