Type,Name,Request Count,Failure Count,Median Response Time,Average Response Time,Min Response Time,Max Response Time,Average Content Size,Requests/s,Failures/s,50%,66%,75%,80%,90%,95%,98%,99%,99.9%,99.99%,100%
GET,/,13823,0,450.0,474.2343301251102,17.04834192059934,1381.1885509639978,8649.0,44.60620326761154,0.0,450,520,580,620,720,800,880,930,1300,1400,1400
GET,/basket.html,12952,0,470.0,484.68008040314396,7.520698010921478,1064.5963731221855,23388.0,41.79552519150001,0.0,470,540,590,620,700,770,830,860,960,1100,1100
POST,/cart,79113,1,570.0,569.4501125789374,40.29787890613079,1144.735252019018,0.0008089694487631616,255.29411554008186,0.0032269553112646704,570,650,700,720,790,850,910,940,1000,1100,1100
GET,/catalogue,13641,0,490.0,497.43496151754346,10.92674513347447,1062.0004020165652,2795.0,44.01889740096137,0.0,490,550,600,640,740,800,860,900,1000,1100,1100
GET,/category.html,13645,0,480.0,492.19809245299746,4.33682999573648,1070.9228820633143,11518.0,44.03180522220643,0.0,480,560,610,640,730,800,850,880,1000,1100,1100
GET,/login,13808,0,500.0,525.6887548585075,67.670663818717,1058.7786210235208,13.0,44.55779893794257,0.0,500,610,680,710,790,850,920,950,1000,1100,1100
POST,/orders,12836,12836,580.0,589.5907008953443,65.38381613790989,1079.307781998068,227.0,41.42119837539331,41.42119837539331,580,660,710,740,810,870,930,960,1100,1100,1100
,Aggregated,159818,12837,530.0,539.4390753764911,4.33682999573648,1381.1885509639978,3884.7911249045787,515.7255439356971,41.42442533070457,530,610,670,700,780,830,900,930,1100,1300,1400
