Type,Name,Request Count,Failure Count,Median Response Time,Average Response Time,Min Response Time,Max Response Time,Average Content Size,Requests/s,Failures/s,50%,66%,75%,80%,90%,95%,98%,99%,99.9%,99.99%,100%
GET,/,13796,0,440.0,464.07870106546494,38.29120611771941,1586.0334190074354,8649.0,44.627223169466426,0.0,440,500,540,580,690,760,850,980,1500,1500,1600
GET,/basket.html,12958,0,460.0,472.7760478668389,33.34484784863889,1037.6063419971615,23388.0,41.91646548491925,0.0,460,510,560,590,680,750,810,840,920,1000,1000
POST,/cart,79125,0,560.0,564.448136051695,27.529370971024036,1053.36799682118,0.0,255.95310476109242,0.0,560,640,680,710,780,820,870,900,990,1000,1100
GET,/catalogue,13642,0,480.0,489.1275273667865,5.685203010216355,1008.357462938875,2795.0,44.12906483602936,0.0,480,540,580,620,720,780,830,870,960,1000,1000
GET,/category.html,13652,0,480.0,479.3411888723786,3.2913258764892817,974.6326908934861,11518.0,44.16141277975904,0.0,480,540,580,610,700,760,820,860,940,970,970
GET,/login,13774,0,500.0,518.4411707692442,87.72878907620907,1007.1099319029599,13.0,44.55605769326113,0.0,500,590,660,700,770,820,870,900,980,1000,1000
POST,/orders,12810,12810,580.0,583.5539228624208,114.44585490971804,1151.4871900435537,227.0,41.437715917719984,41.437715917719984,580,660,700,730,800,840,890,930,1000,1100,1200
,Aggregated,159757,12810,520.0,532.2057789650228,3.2913258764892817,1586.0334190074354,3886.173162991293,516.7810446422476,41.437715917719984,520,600,650,690,760,810,860,900,1000,1500,1600
