Type,Name,Request Count,Failure Count,Median Response Time,Average Response Time,Min Response Time,Max Response Time,Average Content Size,Requests/s,Failures/s,50%,66%,75%,80%,90%,95%,98%,99%,99.9%,99.99%,100%
GET,/,13820,0,440.0,465.3267039449558,48.703381791710854,1694.8011729400605,8649.0,44.74171829738005,0.0,440,500,550,580,700,760,830,1100,1600,1600,1700
GET,/basket.html,12990,0,470.0,476.3191906478811,28.706741984933615,916.2521450780332,23388.0,42.05462523031598,0.0,470,520,560,590,680,740,790,820,880,920,920
POST,/cart,79240,0,550.0,558.6045571302556,28.537949081510305,1081.5065971110016,0.0,256.53645136645406,0.0,550,630,670,700,760,810,860,900,980,1000,1100
GET,/catalogue,13663,0,470.0,483.4246260383875,16.2490620277822,947.2114371601492,2795.0,44.23343683770648,0.0,470,530,580,610,700,760,810,840,940,950,950
GET,/category.html,13685,0,470.0,475.33021382521326,7.37383496016264,941.3076960481703,11518.0,44.304660991291314,0.0,470,530,570,600,690,740,810,830,920,940,940
GET,/login,13782,0,490.0,513.8768891985293,44.55579910427332,988.4367280174047,13.0,44.61869475936988,0.0,490,580,650,690,760,810,850,880,960,980,990
POST,/orders,12862,12862,580.0,582.3123361676039,149.78695008903742,1126.8866611644626,227.0,41.640230154913326,41.640230154913326,580,650,700,720,780,830,900,940,1100,1100,1100
,Aggregated,160042,12862,520.0,528.3856964954107,7.37383496016264,1694.8011729400605,3888.042232663926,518.1298176374311,41.640230154913326,520,590,640,680,740,800,850,890,1000,1600,1700
