Type,Name,Request Count,Failure Count,Median Response Time,Average Response Time,Min Response Time,Max Response Time,Average Content Size,Requests/s,Failures/s,50%,66%,75%,80%,90%,95%,98%,99%,99.9%,99.99%,100%
GET,/,13939,0,430.0,448.1883303157763,13.021211139857769,1866.0566119942814,8649.0,45.03596323859798,0.0,430,490,540,570,670,740,820,990,1500,1900,1900
GET,/basket.html,13101,0,440.0,459.70706475737114,5.793377058580518,1034.0230260044336,23388.0,42.32844209691313,0.0,440,500,550,580,660,730,790,820,930,1000,1000
POST,/cart,80053,0,540.0,544.8167337712437,35.89336900040507,1142.6999100949615,0.0,258.6458114025026,0.0,540,610,660,680,750,800,860,900,1000,1100,1100
GET,/catalogue,13767,0,460.0,473.33862781355873,17.2545260284096,1071.9988960772753,2795.0,44.48024290880109,0.0,460,530,570,600,690,760,810,860,1000,1100,1100
GET,/category.html,13797,0,460.0,463.39010370892163,11.116985930129886,1026.4076301828027,11518.0,44.577170873300545,0.0,460,520,560,590,670,740,800,840,960,1000,1000
GET,/login,13930,0,480.0,501.9862200822133,35.87028104811907,1070.81558695063,13.0,45.00688484924814,0.0,480,570,630,670,750,800,860,890,1000,1100,1100
POST,/orders,12974,12974,560.0,568.1003509795883,50.120944855734706,1117.9844988510013,227.0,41.918113713865424,41.918113713865424,560,640,680,710,780,830,900,950,1100,1100,1100
,Aggregated,161561,12974,500.0,514.7107379230318,5.793377058580518,1866.0566119942814,3883.879141624526,521.992629083229,41.918113713865424,500,580,630,660,740,790,850,890,1100,1400,1900
