Type,Name,Request Count,Failure Count,Median Response Time,Average Response Time,Min Response Time,Max Response Time,Average Content Size,Requests/s,Failures/s,50%,66%,75%,80%,90%,95%,98%,99%,99.9%,99.99%,100%
GET,/,1919,0,4,5.94295661689237,1.8615559674799442,50.947291078045964,8649.0,6.1841859816774605,0.0,4,5,6,7,9,17,26,38,51,51,51
GET,/basket.html,1835,0,4,4.8853152826154345,1.9762949086725712,59.498910093680024,23388.0,5.913486855851037,0.0,4,5,6,6,8,9,12,15,38,59,59
POST,/cart,11255,0,24,24.862457821203577,13.337286887690425,83.89923395588994,0.0,36.27046025209995,0.0,24,25,27,28,31,36,45,52,73,84,84
GET,/catalogue,1904,0,8,8.6782970927957,4.133241018280387,44.17628399096429,2795.0,6.135846852065598,0.0,8,8,9,10,12,16,23,30,41,44,44
GET,/category.html,1904,0,5,5.536354988830031,1.8647420220077038,53.74867608770728,11518.0,6.135846852065598,0.0,5,5,6,7,9,12,16,21,40,54,54
GET,/login,1918,0,56,58.44800691246574,48.638467909768224,109.66052184812725,13.0,6.180963373036669,0.0,56,58,59,60,64,77,91,95,100,110,110
POST,/orders,1819,1819,69,66.5233168466075,19.869497045874596,127.95012397691607,227.0,5.861925117598385,5.861925117598385,69,71,73,74,77,83,90,96,120,130,130
,Aggregated,22554,1819,22,24.845700906028455,1.8615559674799442,127.95012397691607,3866.46315509444,72.6827152843947,5.861925117598385,22,25,28,33,59,68,74,79,99,120,130
