Type,Name,Request Count,Failure Count,Median Response Time,Average Response Time,Min Response Time,Max Response Time,Average Content Size,Requests/s,Failures/s,50%,66%,75%,80%,90%,95%,98%,99%,99.9%,99.99%,100%
GET,/,13804,0,440.0,463.0313523878844,21.453530993312597,1701.5159111469984,8649.0,44.68809800394727,0.0,440,500,540,580,680,750,820,900,1700,1700,1700
GET,/basket.html,12962,0,460.0,471.1286384860241,32.17691206373274,936.6747790481895,23388.0,41.962266468209535,0.0,460,510,550,580,660,730,790,820,890,930,940
POST,/cart,79405,0,550.0,553.4316733186347,51.133546978235245,1052.5082601234317,0.0,257.0601580703733,0.0,550,620,670,690,760,810,860,890,980,1000,1100
GET,/catalogue,13630,0,470.0,481.84577595879495,10.409200098365545,963.7619270943105,2795.0,44.12480265095633,0.0,470,530,570,600,700,760,830,850,920,950,960
GET,/category.html,13649,0,470.0,474.4187080722449,9.183114860206842,967.4550471827388,11518.0,44.18631191363925,0.0,470,530,570,600,680,740,800,840,920,970,970
GET,/login,13781,0,490.0,511.59202856345604,45.019662007689476,1011.2781168427318,13.0,44.61363942280479,0.0,490,580,650,680,760,810,850,880,950,1000,1000
POST,/orders,12839,12839,570.0,573.3156954860633,55.339801823720336,1056.9235840812325,227.0,41.56407492557802,41.56407492557802,570,640,690,710,780,820,870,900,970,1100,1100
,Aggregated,160070,12839,510.0,524.1309742803743,9.183114860206842,1701.5159111469984,3879.2071593677765,518.1993514555085,41.56407492557802,510,590,640,670,740,790,850,880,1000,1700,1700
