Type,Name,Request Count,Failure Count,Median Response Time,Average Response Time,Min Response Time,Max Response Time,Average Content Size,Requests/s,Failures/s,50%,66%,75%,80%,90%,95%,98%,99%,99.9%,99.99%,100%
GET,/,13650,0,450.0,475.0122579520793,53.01403719931841,1647.0264059025794,8649.0,44.15059657801687,0.0,450,510,570,610,720,800,890,960,1500,1600,1600
GET,/basket.html,12796,0,480.0,490.5387888810884,40.13733100146055,1077.6649829931557,23388.0,41.388354125443506,0.0,480,530,580,620,710,790,860,910,1000,1100,1100
POST,/cart,78071,0,580.0,582.3411456858447,83.56636483222246,1154.57808598876,0.0,252.518771094678,0.0,580,660,710,740,820,870,930,960,1100,1100,1200
GET,/catalogue,13477,0,490.0,508.09160815731894,16.889924183487892,1083.921539131552,2795.0,43.59103224043467,0.0,490,560,610,660,760,840,910,940,1000,1100,1100
GET,/category.html,13513,0,480.0,493.6813988967115,13.829084113240242,1099.481520941481,11518.0,43.707473374266804,0.0,480,550,610,640,730,800,880,920,1000,1100,1100
GET,/login,13630,0,520.0,540.5808813183248,57.96130117960274,1120.0341610237956,13.0,44.085907059221235,0.0,520,630,700,740,820,870,940,980,1100,1100,1100
POST,/orders,12698,12698,600.0,608.4474260854216,122.80609784647822,1144.7904880624264,227.0,41.07137548334492,41.07137548334492,600,690,740,770,840,890,940,970,1100,1100,1100
,Aggregated,157835,12698,540.0,550.1799817761452,13.829084113240242,1647.0264059025794,3888.2521810751737,510.513509955406,41.07137548334492,540,620,680,720,800,860,920,960,1100,1500,1600
