Type,Name,Request Count,Failure Count,Median Response Time,Average Response Time,Min Response Time,Max Response Time,Average Content Size,Requests/s,Failures/s,50%,66%,75%,80%,90%,95%,98%,99%,99.9%,99.99%,100%
GET,/,1909,0,5,6.253359787912055,1.9739170093089342,55.31953496392816,8649.0,6.174983968319337,0.0,5,5,6,7,10,20,28,31,54,55,55
GET,/basket.html,1821,0,4,5.053748795148937,2.1098869619891047,50.31341896392405,23388.0,5.89033305726009,0.0,4,5,6,6,8,9,12,14,48,50,50
POST,/cart,11231,0,25,26.341403599721676,13.120161020196974,89.19265598524362,0.0,36.32857252393634,0.0,25,27,28,29,33,37,45,57,83,89,89
GET,/catalogue,1901,0,8,9.112964142425017,4.922959953546524,58.53110901080072,2795.0,6.149106612768496,0.0,8,9,10,10,12,15,21,35,51,59,59
GET,/category.html,1901,0,5,5.77501695793463,2.0044100238010287,80.06133290473372,11518.0,6.149106612768496,0.0,5,6,6,7,9,11,16,24,55,80,80
GET,/login,1909,0,58,60.124002426392906,50.89964799117297,127.83237604890019,13.0,6.174983968319337,0.0,58,60,61,62,67,78,89,92,130,130,130
POST,/orders,1809,1809,72,69.23973767197295,19.577611004933715,144.29613202810287,227.0,5.851517023933829,5.851517023933829,72,74,76,77,80,84,89,100,140,140,140
,Aggregated,22481,1809,23,26.035954911789123,1.9739170093089342,144.29613202810287,3858.5900093412215,72.71860376730592,5.851517023933829,23,27,30,34,61,71,77,82,110,140,140
