Type,Name,Request Count,Failure Count,Median Response Time,Average Response Time,Min Response Time,Max Response Time,Average Content Size,Requests/s,Failures/s,50%,66%,75%,80%,90%,95%,98%,99%,99.9%,99.99%,100%
GET,/,13654,0,460.0,493.9287207965677,38.72275399044156,2605.203258804977,8649.0,44.09788499099569,0.0,460,520,580,610,710,770,830,890,2500,2600,2600
GET,/basket.html,12800,0,480.0,496.4422887751789,35.700452979654074,950.0679927878082,23388.0,41.33974863664456,0.0,480,530,580,610,690,750,800,830,910,930,950
POST,/cart,78463,0,580.0,581.7150222553623,67.06816982477903,994.8545498773456,0.0,253.4094294747689,0.0,580,650,690,710,780,820,860,890,950,990,990
GET,/catalogue,13490,0,500.0,508.7102300926713,26.348053943365812,943.9216561149806,2795.0,43.568219461588676,0.0,500,550,600,640,730,790,840,870,920,940,940
GET,/category.html,13523,0,500.0,502.23207366096324,41.14256892353296,924.2926088627428,11518.0,43.674798501042524,0.0,500,560,600,630,700,760,810,850,910,920,920
GET,/login,13635,0,520.0,540.8972510433786,48.84973494336009,973.8728981465101,13.0,44.03652130161316,0.0,520,620,680,710,780,830,860,890,930,970,970
POST,/orders,12683,12683,600.0,598.4533332335775,90.80692520365119,1022.4090069532394,227.0,40.961877496762725,40.961877496762725,600,670,710,730,790,830,880,910,990,1000,1000
,Aggregated,158248,12683,540.0,552.0523028458346,26.348053943365812,2605.203258804977,3879.850652140943,511.08847986341624,40.961877496762725,540,620,670,690,760,810,860,880,960,2400,2600
