Type,Name,Request Count,Failure Count,Median Response Time,Average Response Time,Min Response Time,Max Response Time,Average Content Size,Requests/s,Failures/s,50%,66%,75%,80%,90%,95%,98%,99%,99.9%,99.99%,100%
GET,/,1914,0,4,5.6790735779618196,1.8541000317782164,47.779703978449106,8649.0,6.192119490840897,0.0,4,5,6,6,9,17,26,34,48,48,48
GET,/basket.html,1828,0,4,4.549384612592112,1.8693041056394577,42.0072169508785,23388.0,5.913894686132267,0.0,4,5,5,6,7,9,11,13,25,42,42
POST,/cart,11192,0,22,23.098363099121134,12.622690061107278,99.97446788474917,0.0,36.20804667789515,0.0,22,24,25,26,29,32,37,43,69,98,100
GET,/catalogue,1899,0,7,8.390619743933186,4.306965973228216,68.1679961271584,2795.0,6.143591908624275,0.0,7,8,9,9,11,15,19,29,64,68,68
GET,/category.html,1899,0,5,5.5040179505618605,1.938635017722845,49.99831994064152,11518.0,6.143591908624275,0.0,5,5,6,7,9,11,16,21,46,50,50
GET,/login,1914,0,56,56.73950451147395,48.55035897344351,118.77489788457751,13.0,6.192119490840897,0.0,56,57,58,59,62,67,75,79,100,120,120
POST,/orders,1814,1814,66,63.09105783147489,18.5639678966254,130.92462997883558,227.0,5.86860227606342,5.86860227606342,66,68,70,70,73,76,79,83,130,130,130
,Aggregated,22460,1814,21,23.46996479200818,1.8541000317782164,130.92462997883558,3870.191317898486,72.66196643902119,5.86860227606342,21,24,27,30,57,66,70,73,87,120,130
