Type,Name,Request Count,Failure Count,Median Response Time,Average Response Time,Min Response Time,Max Response Time,Average Content Size,Requests/s,Failures/s,50%,66%,75%,80%,90%,95%,98%,99%,99.9%,99.99%,100%
GET,/,13804,0,440.0,467.43226594920293,49.26255904138088,1478.3681549597532,8649.0,44.63274601176154,0.0,440,510,570,610,710,770,850,910,1400,1500,1500
GET,/basket.html,12939,0,460.0,479.1134480459562,52.91557009331882,1009.525807807222,23388.0,41.83592441655915,0.0,460,530,570,600,700,760,810,850,940,1000,1000
POST,/cart,78970,0,560.0,568.5316206607899,89.19113804586232,1095.834594918415,0.0,255.33526170304322,0.0,560,640,690,720,780,830,890,920,1000,1100,1100
GET,/catalogue,13624,0,480.0,496.14476354436425,21.52690594084561,1017.9536009673029,2795.0,44.05074845437838,0.0,480,550,600,640,740,800,850,880,990,1000,1000
GET,/category.html,13644,0,480.0,484.8557109919096,39.4287200178951,1002.981044119224,11518.0,44.11541484964318,0.0,480,550,600,630,710,780,830,860,970,1000,1000
GET,/login,13743,0,500.0,524.5053588296583,81.0092210303992,1058.048176113516,13.0,44.43551350620391,0.0,500,610,680,710,780,830,880,920,1000,1100,1100
POST,/orders,12831,12831,590.0,592.5455918084047,106.67054099030793,1173.1971460394561,227.0,41.48672588212926,41.48672588212926,590,670,710,740,810,860,920,970,1100,1100,1200
,Aggregated,159555,12831,530.0,537.3363617636866,21.52690594084561,1478.3681549597532,3887.876255836545,515.8923348237187,41.48672588212926,530,610,660,700,770,820,880,920,1100,1400,1500
