Type,Name,Request Count,Failure Count,Median Response Time,Average Response Time,Min Response Time,Max Response Time,Average Content Size,Requests/s,Failures/s,50%,66%,75%,80%,90%,95%,98%,99%,99.9%,99.99%,100%
GET,/,1931,0,4,6.144454888420701,1.7672819085419178,60.608645901083946,8649.0,6.247824167853502,0.0,4,5,6,7,9,19,30,42,60,61,61
GET,/basket.html,1844,0,4,4.825274120241509,1.9688080064952374,18.037127098068595,23388.0,5.966332348794333,0.0,4,5,6,6,8,9,12,13,18,18,18
POST,/cart,11230,0,23,24.498747929060734,12.499090982601047,88.99379381909966,0.0,36.335093425683496,0.0,23,25,27,28,31,35,42,47,66,86,89
GET,/catalogue,1919,0,8,8.544178515669772,4.108412889763713,51.55441886745393,2795.0,6.2089977100522376,0.0,8,8,9,10,12,15,21,26,49,52,52
GET,/category.html,1919,0,5,5.551164132509421,1.8847458995878696,45.056472066789865,11518.0,6.2089977100522376,0.0,5,6,6,7,9,12,15,18,27,45,45
GET,/login,1931,0,56,58.44060684904429,49.39066106453538,104.57036294974387,13.0,6.247824167853502,0.0,56,58,59,60,64,79,90,94,100,100,100
POST,/orders,1831,1831,69,66.07774788984781,18.84485804475844,120.88833493180573,227.0,5.924270352842964,5.924270352842964,69,71,72,73,77,81,88,93,120,120,120
,Aggregated,22605,1831,22,24.630383448984272,1.7672819085419178,120.88833493180573,3881.2686573766864,73.13933988313227,5.924270352842964,22,25,28,32,58,68,74,79,98,120,120
