Type,Name,Request Count,Failure Count,Median Response Time,Average Response Time,Min Response Time,Max Response Time,Average Content Size,Requests/s,Failures/s,50%,66%,75%,80%,90%,95%,98%,99%,99.9%,99.99%,100%
GET,/,13908,0,430.0,452.89918536502535,45.39393098093569,1527.9254948254675,8649.0,44.89484110156957,0.0,430,490,540,580,690,750,840,900,1300,1400,1500
GET,/basket.html,13030,0,450.0,467.9799720395145,46.734706964343786,1008.5257419850677,23388.0,42.06066864778915,0.0,450,510,550,590,680,750,820,850,940,1000,1000
POST,/cart,79494,0,550.0,558.2093962812185,99.57714704796672,1058.9132399763912,0.0,256.6055866068573,0.0,550,620,670,700,770,830,880,910,1000,1100,1100
GET,/catalogue,13765,0,470.0,483.62977409974155,27.88325003348291,1092.3391650430858,2795.0,44.43323898210419,0.0,470,530,580,610,720,790,850,880,1000,1100,1100
GET,/category.html,13792,0,460.0,468.0587341657643,23.163944017142057,1022.3130220547318,11518.0,44.520394627038215,0.0,460,520,570,600,690,750,820,860,960,1000,1000
GET,/login,13891,0,500.0,517.4153221738068,75.55540092289448,1094.6453751530498,13.0,44.839965325129626,0.0,500,590,660,700,770,830,870,910,1000,1100,1100
POST,/orders,12950,12950,580.0,582.0082329293267,96.58503299579024,1103.0067449901253,227.0,41.80242969983649,41.80242969983649,580,650,700,730,800,850,900,930,1000,1100,1100
,Aggregated,160830,12950,510.0,526.0713263231854,23.163944017142057,1527.9254948254675,3889.110215755767,519.1571249903245,41.80242969983649,510,590,650,680,760,820,870,910,1000,1300,1500
