Type,Name,Request Count,Failure Count,Median Response Time,Average Response Time,Min Response Time,Max Response Time,Average Content Size,Requests/s,Failures/s,50%,66%,75%,80%,90%,95%,98%,99%,99.9%,99.99%,100%
GET,/,1917,0,4,6.0497230554293955,1.953554106876254,52.848532097414136,8649.0,6.200334338897769,0.0,4,5,6,7,9,18,28,38,52,53,53
GET,/basket.html,1834,0,4,4.713560750092519,2.0292249973863363,43.82628691382706,23388.0,5.931879591830208,0.0,4,5,5,6,7,9,11,13,27,44,44
POST,/cart,11221,0,23,24.01853326281717,13.162022922188044,108.82321489043534,0.0,36.29314116680849,0.0,23,25,26,27,30,34,41,50,80,110,110
GET,/catalogue,1910,0,7,8.619463589793334,4.426449071615934,56.79167993366718,2795.0,6.177693577096891,0.0,7,8,9,9,12,15,25,31,55,57,57
GET,/category.html,1910,0,5,5.757529792224705,1.9596870988607407,70.9896890912205,11518.0,6.177693577096891,0.0,5,6,6,7,9,12,16,21,46,71,71
GET,/login,1917,0,56,58.34512657014168,48.59217186458409,118.59167413786054,13.0,6.200334338897769,0.0,56,58,59,60,64,78,89,95,120,120,120
POST,/orders,1817,1817,69,66.17703634246581,17.855854937806726,118.91709011979401,227.0,5.876894884599503,5.876894884599503,69,70,72,73,77,80,88,96,120,120,120
,Aggregated,22526,1817,21,24.385389828814514,1.953554106876254,118.91709011979401,3873.2546834768714,72.85797147522752,5.876894884599503,21,25,28,32,58,68,74,79,100,120,120
