Type,Name,Request Count,Failure Count,Median Response Time,Average Response Time,Min Response Time,Max Response Time,Average Content Size,Requests/s,Failures/s,50%,66%,75%,80%,90%,95%,98%,99%,99.9%,99.99%,100%
GET,/,1939,0,4,6.093875771482552,1.9514590967446566,64.60240995511413,8649.0,6.2703207085687485,0.0,4,5,6,6,9,18,29,46,63,65,65
GET,/basket.html,1851,0,4,4.805124042654306,1.993590034544468,69.60793095640838,23388.0,5.985747102403689,0.0,4,5,6,6,7,9,11,13,46,70,70
POST,/cart,11200,1,24,24.819023418822326,13.39095807634294,114.22630911692977,0.005714285714285714,36.21845896646208,0.0032337909791484002,24,25,27,28,31,35,42,55,82,110,110
GET,/catalogue,1923,0,7,8.393147920834185,4.373116185888648,83.16517318598926,2795.0,6.218580052902373,0.0,7,8,9,9,11,14,20,25,44,83,83
GET,/category.html,1923,0,5,5.495905662217002,1.8880120478570461,58.76693199388683,11518.0,6.218580052902373,0.0,5,6,6,7,9,11,15,22,57,59,59
GET,/login,1939,0,56,58.06467545186585,49.12947304546833,109.48629002086818,13.0,6.2703207085687485,0.0,56,58,59,60,63,76,90,94,110,110,110
POST,/orders,1839,1839,68,65.50995612369123,19.69743217341602,135.10811305604875,227.0,5.946941610653908,5.946941610653908,68,70,72,73,76,80,86,92,130,140,140
,Aggregated,22614,1840,22,24.694978202330915,1.8880120478570461,135.10811305604875,3892.642699212877,73.12894920246192,5.950175401633056,22,25,28,32,59,68,73,78,98,120,140
