Type,Name,Request Count,Failure Count,Median Response Time,Average Response Time,Min Response Time,Max Response Time,Average Content Size,Requests/s,Failures/s,50%,66%,75%,80%,90%,95%,98%,99%,99.9%,99.99%,100%
GET,/,13649,0,460.0,481.5854554639646,12.895399006083608,1295.1397520955652,8649.0,44.051489930710034,0.0,460,520,570,610,710,770,840,900,1200,1200,1300
GET,/basket.html,12813,0,490.0,497.10600414519223,17.218928085640073,939.7261110134423,23388.0,41.35334020676882,0.0,490,540,580,610,700,760,810,850,920,940,940
POST,/cart,78543,0,580.0,582.6544992690255,41.1427509970963,1065.6139950733632,0.0,253.49374852573507,0.0,580,650,700,720,790,830,870,900,990,1100,1100
GET,/catalogue,13490,0,500.0,509.16161634829837,15.204633120447397,1015.0785830337554,2795.0,43.538325090869535,0.0,500,560,600,640,730,790,840,870,970,1000,1000
GET,/category.html,13527,0,500.0,499.7371736182535,13.684023870155215,963.35036191158,11518.0,43.657740808316696,0.0,500,560,600,630,710,770,820,850,920,960,960
GET,/login,13639,0,530.0,542.5866099095788,81.42371289432049,1068.390378030017,13.0,44.01921541248107,0.0,530,620,680,720,790,830,900,930,1000,1100,1100
POST,/orders,12690,12690,600.0,605.7530469950244,66.77774712443352,1100.8266229182482,227.0,40.95636363255259,40.95636363255259,600,680,720,740,810,860,900,920,1000,1100,1100
,Aggregated,158351,12690,540.0,552.076660960924,12.895399006083608,1295.1397520955652,3879.275268233229,511.07022360743383,40.95636363255259,540,620,670,700,770,820,870,900,990,1100,1300
