Type,Name,Request Count,Failure Count,Median Response Time,Average Response Time,Min Response Time,Max Response Time,Average Content Size,Requests/s,Failures/s,50%,66%,75%,80%,90%,95%,98%,99%,99.9%,99.99%,100%
GET,/,13775,0,440.0,460.0277477507386,10.905860923230648,1746.4707880280912,8649.0,44.512236014844326,0.0,440,500,550,580,690,750,820,910,1700,1700,1700
GET,/basket.html,12939,0,450.0,468.6424938709005,14.232496963813901,1033.1525700166821,23388.0,41.81080376015033,0.0,450,510,560,580,670,730,790,830,930,980,1000
POST,/cart,79333,0,550.0,555.1095669266249,33.53171609342098,1082.5307108461857,0.0,256.35493428425735,0.0,550,620,670,700,760,810,870,910,1000,1100,1100
GET,/catalogue,13645,0,470.0,482.03039439775586,6.508706137537956,1035.5025120079517,2795.0,44.09215683648282,0.0,470,530,580,610,700,760,830,870,980,1000,1000
GET,/category.html,13669,0,470.0,473.0168275321643,4.397860029712319,955.8372320607305,11518.0,44.169709915564944,0.0,470,530,570,600,690,760,810,850,930,950,960
GET,/login,13740,0,490.0,511.016136810578,58.348340913653374,1087.4198449309915,13.0,44.39913777451623,0.0,490,580,650,680,760,800,850,900,1000,1000,1100
POST,/orders,12806,12806,580.0,581.3233161711624,58.667146833613515,1161.475523840636,227.0,41.38103044690355,41.38103044690355,580,650,700,720,780,840,900,950,1100,1100,1200
,Aggregated,159907,12806,510.0,524.9796105249408,4.397860029712319,1746.4707880280912,3879.8814686036258,516.7200090327195,41.38103044690355,510,590,640,670,750,800,860,900,1100,1700,1700
