Type,Name,Request Count,Failure Count,Median Response Time,Average Response Time,Min Response Time,Max Response Time,Average Content Size,Requests/s,Failures/s,50%,66%,75%,80%,90%,95%,98%,99%,99.9%,99.99%,100%
GET,/,13871,0,450.0,471.1135914758714,52.70538781769574,1952.073700958863,8649.0,44.70050775227763,0.0,450,520,570,600,700,770,860,1200,1800,2000,2000
GET,/basket.html,13021,0,470.0,479.59925229861796,27.519820956513286,1031.9935609586537,23388.0,41.961308589316346,0.0,470,530,580,600,690,750,810,850,930,1000,1000
POST,/cart,79467,0,570.0,565.411395782939,84.11167887970805,1213.3214729838073,0.0,256.08934103887583,0.0,570,640,680,700,770,820,880,910,1000,1100,1200
GET,/catalogue,13706,0,480.0,489.3440261150611,7.4793698731809855,1066.3283388130367,2795.0,44.16878085593809,0.0,480,550,600,630,710,770,830,870,980,1100,1100
GET,/category.html,13721,0,480.0,480.69955573590875,3.7827619817107916,1021.72393607907,11518.0,44.21711966469623,0.0,480,550,590,620,690,760,810,860,960,970,1000
GET,/login,13861,0,500.0,520.3858865134729,83.97490507923067,1126.4827391132712,13.0,44.6682818797722,0.0,500,600,660,700,770,820,870,920,1000,1100,1100
POST,/orders,12895,12895,580.0,584.0793766971489,120.67679292522371,1165.29332799837,227.0,41.55526259574797,41.55526259574797,580,660,700,720,790,840,900,940,1000,1100,1200
,Aggregated,160542,12895,530.0,534.1818716714802,3.7827619817107916,1952.073700958863,3886.581287139814,517.3606023766243,41.55526259574797,530,610,650,680,750,810,870,910,1100,1800,2000
