Type,Name,Request Count,Failure Count,Median Response Time,Average Response Time,Min Response Time,Max Response Time,Average Content Size,Requests/s,Failures/s,50%,66%,75%,80%,90%,95%,98%,99%,99.9%,99.99%,100%
GET,/,13889,0,430.0,443.77091297188747,10.95652300864458,1669.4104948546737,8649.0,44.97276236068803,0.0,430,490,530,570,690,770,870,950,1600,1600,1700
GET,/basket.html,13026,0,450.0,459.1633389379082,25.907060829922557,1128.849787870422,23388.0,42.17835715388597,0.0,450,500,550,580,680,750,830,880,1100,1100,1100
POST,/cart,79856,0,540.0,547.674829485059,30.370214954018593,1222.777043003589,0.0,258.5747649992874,0.0,540,620,670,700,770,830,900,950,1100,1200,1200
GET,/catalogue,13752,0,470.0,473.55270609787505,10.480161989107728,1191.9891510624439,2795.0,44.52915458162443,0.0,470,530,570,600,710,780,860,920,1100,1200,1200
GET,/category.html,13789,0,460.0,462.12999191335024,20.82544006407261,1153.6788290832192,11518.0,44.64896106210146,0.0,460,520,570,600,690,760,830,870,1000,1100,1200
GET,/login,13862,0,490.0,504.5573175214274,78.23890913277864,1186.2823700066656,13.0,44.88533601006966,0.0,490,580,650,690,770,830,900,960,1100,1200,1200
POST,/orders,12925,12925,570.0,570.0037921700857,66.78110081702471,1184.0898690279573,227.0,41.85131784231354,41.85131784231354,570,650,690,720,790,850,900,960,1100,1200,1200
,Aggregated,161099,12925,510.0,515.9920103083383,10.480161989107728,1669.4104948546737,3880.5378804337706,521.6406540099705,41.85131784231354,510,580,640,680,760,810,890,940,1100,1400,1700
