Type,Name,Request Count,Failure Count,Median Response Time,Average Response Time,Min Response Time,Max Response Time,Average Content Size,Requests/s,Failures/s,50%,66%,75%,80%,90%,95%,98%,99%,99.9%,99.99%,100%
GET,/,1922,0,4,6.102404137298031,1.8815940711647272,58.20505297742784,8649.0,6.216727049747241,0.0,4,5,6,6,9,20,30,48,57,58,58
GET,/basket.html,1835,0,4,4.641422805597128,1.9918589387089014,41.89679306000471,23388.0,5.93532473271914,0.0,4,5,5,6,7,8,10,13,42,42,42
POST,/cart,11205,0,24,25.18490324246114,13.995636021718383,125.46354695223272,0.0,36.24267772758472,0.0,24,26,27,28,31,35,45,54,110,130,130
GET,/catalogue,1908,0,7,8.482029842992803,3.930038074031472,52.83000599592924,2795.0,6.171443918271454,0.0,7,8,9,9,12,16,23,28,47,53,53
GET,/category.html,1908,0,5,5.448108679562245,2.0100269466638565,41.08624602667987,11518.0,6.171443918271454,0.0,5,5,6,7,9,12,16,22,34,41,41
GET,/login,1922,0,56,58.09587604716579,49.276540987193584,119.93864900432527,13.0,6.216727049747241,0.0,56,57,59,59,63,75,89,95,120,120,120
POST,/orders,1822,1822,69,65.71970208886394,20.06185590289533,120.86314614862204,227.0,5.893276110634481,5.893276110634481,69,71,72,73,77,80,87,91,120,120,120
,Aggregated,22522,1822,22,24.883356171811226,1.8815940711647272,125.46354695223272,3875.683420655359,72.84762050697573,5.893276110634481,22,26,29,32,58,69,74,79,110,120,130
