Type,Name,Request Count,Failure Count,Median Response Time,Average Response Time,Min Response Time,Max Response Time,Average Content Size,Requests/s,Failures/s,50%,66%,75%,80%,90%,95%,98%,99%,99.9%,99.99%,100%
GET,/,1953,0,4,5.830491862950787,1.7506980802863836,57.52453301101923,8649.0,6.3187924209209925,0.0,4,5,5,6,8,19,27,42,57,58,58
GET,/basket.html,1868,0,4,4.542671816076533,1.9433738198131323,44.1294158808887,23388.0,6.04378097402991,0.0,4,5,5,6,7,8,10,12,42,44,44
POST,/cart,11205,0,23,24.6044836751992,13.791111996397376,83.28369609080255,0.0,36.2529795578186,0.0,23,25,26,27,31,35,42,49,69,82,83
GET,/catalogue,1939,0,7,8.421174938828445,4.1035308968275785,51.88019713386893,2795.0,6.273496417903638,0.0,7,8,9,9,11,14,23,29,52,52,52
GET,/category.html,1939,0,4,5.280164605133377,1.8764790147542953,42.45146503672004,11518.0,6.273496417903638,0.0,4,5,6,7,8,11,15,19,27,42,42
GET,/login,1952,0,56,57.93145361018165,48.47418190911412,104.81122508645058,13.0,6.315556992134039,0.0,56,58,59,60,63,76,87,93,100,100,100
POST,/orders,1853,1853,69,65.81071594828529,17.58707477711141,122.09128891117871,227.0,5.995249542225602,5.995249542225602,69,71,72,73,77,81,90,94,120,120,120
,Aggregated,22709,1853,22,24.53486514669823,1.7506980802863836,122.09128891117871,3909.427759918975,73.47335232293642,5.995249542225602,22,25,28,32,58,68,74,78,96,120,120
