Type,Name,Request Count,Failure Count,Median Response Time,Average Response Time,Min Response Time,Max Response Time,Average Content Size,Requests/s,Failures/s,50%,66%,75%,80%,90%,95%,98%,99%,99.9%,99.99%,100%
GET,/,14258,0,390.0,407.0527430078827,26.939013972878456,1606.488391989842,8649.0,46.15567902139207,0.0,390,460,510,540,650,730,830,900,1400,1500,1600
GET,/basket.html,13394,0,410.0,415.78081286850176,10.830141021870077,994.1229000687599,23388.0,43.35875752647814,0.0,410,470,520,550,640,710,790,840,980,990,990
POST,/cart,82232,0,490.0,495.6576128614015,72.14499299880117,1034.1875930316746,0.0,266.19959302055776,0.0,490,570,620,650,730,790,860,910,1000,1000,1000
GET,/catalogue,14112,0,430.0,432.79470197839004,19.40407301299274,994.8004380566999,2795.0,45.683051083594115,0.0,430,500,540,570,670,750,840,890,960,990,990
GET,/category.html,14133,0,420.0,425.54084987263366,40.169072919525206,1002.8453610138968,11518.0,45.75103181437328,0.0,420,490,540,570,660,730,810,880,960,1000,1000
GET,/login,14240,0,420.0,444.5077074036981,57.869084062986076,1028.7915170192719,13.0,46.097409823581366,0.0,420,520,580,620,720,790,850,910,960,1000,1000
POST,/orders,13291,13291,510.0,515.2527449308711,84.72538006026298,1050.6074849981815,227.0,43.025328227894654,43.025328227894654,510,590,640,670,750,810,880,920,980,1000,1100
,Aggregated,165660,13291,460.0,467.4117148983477,10.830141021870077,1606.488391989842,3875.4402088615234,536.2708505178714,43.025328227894654,460,540,590,630,720,780,850,900,1000,1400,1600
