Type,Name,Request Count,Failure Count,Median Response Time,Average Response Time,Min Response Time,Max Response Time,Average Content Size,Requests/s,Failures/s,50%,66%,75%,80%,90%,95%,98%,99%,99.9%,99.99%,100%
GET,/,13849,0,450.0,460.05597857748853,49.508324125781655,1312.945564975962,8649.0,44.69146334343747,0.0,450,510,560,590,690,760,830,870,1200,1200,1300
GET,/basket.html,12990,0,470.0,474.86809476486997,40.44418106786907,970.1299320440739,23388.0,41.91942442279245,0.0,470,530,570,600,690,760,820,850,910,970,970
POST,/cart,79181,0,560.0,559.7234157543279,92.05348999239504,1057.5855048373342,0.0,255.52131987845493,0.0,560,630,680,700,780,830,880,910,990,1000,1100
GET,/catalogue,13681,0,480.0,488.6479714619559,16.661324072629213,977.0174620207399,2795.0,44.149318362449854,0.0,480,550,590,620,720,790,840,870,940,960,980
GET,/category.html,13703,0,480.0,476.02999589407926,41.06744914315641,999.2304970510304,11518.0,44.22031353853156,0.0,480,550,590,620,700,760,820,840,900,960,1000
GET,/login,13827,0,500.0,516.1370297106093,68.79013404250145,986.9147369172424,13.0,44.62046816735576,0.0,500,600,660,700,770,830,880,910,970,990,990
POST,/orders,12871,12871,580.0,583.1362453595984,105.92517489567399,1096.9854418653995,227.0,41.53540506125956,41.53540506125956,580,660,700,730,800,850,910,950,1000,1100,1100
,Aggregated,160102,12871,520.0,529.0984299777542,16.661324072629213,1312.945564975962,3889.7773794206196,516.6577127742815,41.53540506125956,520,600,650,680,760,820,870,900,990,1100,1300
