Type,Name,Request Count,Failure Count,Median Response Time,Average Response Time,Min Response Time,Max Response Time,Average Content Size,Requests/s,Failures/s,50%,66%,75%,80%,90%,95%,98%,99%,99.9%,99.99%,100%
GET,/,14221,0,400.0,416.6044127089817,9.58336191251874,1836.3830270245671,8649.0,46.03281714195537,0.0,400,470,520,550,660,740,850,1100,1500,1700,1800
GET,/basket.html,13367,0,420.0,424.7137009627383,9.686437901109457,1061.5746472030878,23388.0,43.26845276257066,0.0,420,490,530,560,650,720,790,840,930,1000,1100
POST,/cart,81423,0,510.0,510.31773197530003,27.36924309283495,1103.4220308065414,0.0,263.56304550660514,0.0,510,590,640,670,740,800,870,910,1000,1100,1100
GET,/catalogue,14069,0,440.0,441.8562189300697,18.761096987873316,1012.1672099921852,2795.0,45.54079912595247,0.0,440,510,550,580,680,750,830,880,970,1000,1000
GET,/category.html,14087,0,430.0,431.66197311026906,17.435354879125953,1050.896120024845,11518.0,45.59906441732123,0.0,430,500,550,580,660,730,800,860,1000,1000,1100
GET,/login,14181,0,440.0,458.5727397806264,32.37473079934716,1054.2282948736101,13.0,45.903338716691444,0.0,440,530,590,640,730,790,860,910,990,1000,1100
POST,/orders,13250,13250,530.0,527.7608441341106,40.04656081087887,1073.17047403194,227.0,42.889728368673694,42.889728368673694,530,610,650,680,750,810,880,920,1000,1100,1100
,Aggregated,164598,13250,470.0,479.63176133042936,9.58336191251874,1836.3830270245671,3890.653890083719,532.79724603977,42.889728368673694,470,550,610,640,720,780,860,900,1100,1500,1800
