Type,Name,Request Count,Failure Count,Median Response Time,Average Response Time,Min Response Time,Max Response Time,Average Content Size,Requests/s,Failures/s,50%,66%,75%,80%,90%,95%,98%,99%,99.9%,99.99%,100%
GET,/,1920,0,4,5.987774586052789,1.8661818467080593,61.363036977127194,8649.0,6.210823685518194,0.0,4,5,6,6,9,19,31,45,60,61,61
GET,/basket.html,1833,0,4,4.624546828399785,1.8572788685560226,41.672758059576154,23388.0,5.929395737268151,0.0,4,5,5,6,7,9,11,14,22,42,42
POST,/cart,11102,0,23,23.892022172070288,13.55728693306446,94.12401192821562,0.0,35.91279403990781,0.0,23,24,26,27,30,34,40,50,83,93,94
GET,/catalogue,1907,0,7,8.331543035481925,4.068631213158369,41.27242905087769,2795.0,6.168771233480831,0.0,7,8,9,9,12,15,20,24,41,41,41
GET,/category.html,1907,0,5,5.324581399287464,1.7498158849775791,37.99263690598309,11518.0,6.168771233480831,0.0,5,5,6,6,9,12,15,17,36,38,38
GET,/login,1919,0,56,58.06499371162425,48.802074044942856,116.34749197401106,13.0,6.20758888151532,0.0,56,57,59,60,63,77,89,94,110,120,120
POST,/orders,1820,1820,68,65.7141895209961,19.643775187432766,135.71813702583313,227.0,5.887343285230788,5.887343285230788,68,70,72,73,76,81,87,92,130,140,140
,Aggregated,22408,1820,21,24.200791184127436,1.7498158849775791,135.71813702583313,3891.880667618708,72.48548809640192,5.887343285230788,21,24,27,31,58,68,73,79,100,130,140
