Type,Name,Request Count,Failure Count,Median Response Time,Average Response Time,Min Response Time,Max Response Time,Average Content Size,Requests/s,Failures/s,50%,66%,75%,80%,90%,95%,98%,99%,99.9%,99.99%,100%
GET,/,1918,0,4,6.112190358713658,1.9225520081818104,58.34116390906274,8649.0,6.204640790603584,0.0,4,5,6,6,9,19,33,44,58,58,58
GET,/basket.html,1836,0,4,4.7259909266449736,1.873282017186284,44.274487998336554,23388.0,5.939374604561095,0.0,4,5,5,6,8,9,11,13,31,44,44
POST,/cart,11123,0,24,24.77101795249753,13.993542874231935,93.5463837813586,0.0,35.982387650617135,0.0,24,25,27,28,31,35,42,51,72,79,94
GET,/catalogue,1900,0,7,8.372122456050036,4.262835951521993,39.87065190449357,2795.0,6.1464116278137695,0.0,7,8,9,9,11,15,22,25,34,40,40
GET,/category.html,1900,0,5,5.595248632231041,1.8557910807430744,46.48859100416303,11518.0,6.1464116278137695,0.0,5,5,6,7,9,12,19,23,38,46,46
GET,/login,1918,0,56,58.12336140524934,48.42138011008501,108.59564179554582,13.0,6.204640790603584,0.0,56,57,59,60,64,78,91,99,110,110,110
POST,/orders,1818,1818,69,66.67145823855445,19.72715905867517,148.36973790079355,227.0,5.88114544177128,5.88114544177128,69,71,72,74,78,81,88,96,150,150,150
,Aggregated,22413,1818,22,24.769350665045163,1.8557910807430744,148.36973790079355,3888.880114219426,72.50501253378421,5.88114544177128,22,25,28,33,58,68,74,79,100,140,150
