Type,Name,Request Count,Failure Count,Median Response Time,Average Response Time,Min Response Time,Max Response Time,Average Content Size,Requests/s,Failures/s,50%,66%,75%,80%,90%,95%,98%,99%,99.9%,99.99%,100%
GET,/,13898,0,440.0,446.43111564949754,10.27815300039947,1297.465540934354,8649.0,45.04220112215236,0.0,440,500,540,580,680,760,820,880,1300,1300,1300
GET,/basket.html,13040,0,450.0,456.48744144909756,14.457172947004437,980.6217921432108,23388.0,42.26149824671656,0.0,450,510,550,580,670,730,800,830,920,980,980
POST,/cart,79983,0,540.0,543.4190318713354,44.36021693982184,1084.8835080396384,0.0,259.21789986711127,0.0,540,620,660,700,760,820,860,900,1000,1100,1100
GET,/catalogue,13758,0,470.0,473.2496057537899,7.8622279688715935,1009.6685630269349,2795.0,44.58847338023976,0.0,470,530,570,610,710,780,850,880,980,1000,1000
GET,/category.html,13777,0,470.0,465.5870272000374,7.432779995724559,989.238595822826,11518.0,44.65005071664219,0.0,470,530,580,610,690,760,820,860,950,990,990
GET,/login,13873,0,490.0,497.03381876156095,51.03433202020824,1044.3637070711702,13.0,44.961178311096546,0.0,490,570,650,690,760,810,860,890,1000,1000,1000
POST,/orders,12920,12920,560.0,560.512901400324,29.413901967927814,1134.009529137984,227.0,41.87258875364862,41.87258875364862,560,640,680,710,780,830,880,920,1000,1100,1100
,Aggregated,161249,12920,510.0,512.7716619106246,7.432779995724559,1297.465540934354,3878.682081749344,522.5938903976073,41.87258875364862,510,580,640,670,750,800,860,900,1000,1300,1300
