Type,Name,Request Count,Failure Count,Median Response Time,Average Response Time,Min Response Time,Max Response Time,Average Content Size,Requests/s,Failures/s,50%,66%,75%,80%,90%,95%,98%,99%,99.9%,99.99%,100%
GET,/,14080,0,410.0,438.38000144162584,31.909533077850938,1845.2401920221746,8649.0,45.475322742608526,0.0,410,480,520,560,670,750,860,1100,1800,1800,1800
GET,/basket.html,13206,0,430.0,443.3763729116314,37.406577030196786,1021.7018499970436,23388.0,42.652493759864214,0.0,430,490,540,570,660,730,800,850,970,1000,1000
POST,/cart,80754,0,520.0,528.3174190033534,35.7969319447875,1073.559228796512,0.0,260.81777079237276,0.0,520,600,650,680,750,810,860,910,1000,1100,1100
GET,/catalogue,13909,0,450.0,458.3245190423415,23.241031914949417,1024.119779933244,2795.0,44.92303011554986,0.0,450,520,560,590,680,760,820,870,970,990,1000
GET,/category.html,13922,0,440.0,447.74958636181424,35.527929896488786,992.8246019408107,11518.0,44.96501727433209,0.0,440,500,550,590,680,740,800,840,970,990,990
GET,/login,14073,0,460.0,484.2893334774604,80.82541404291987,1080.8272031135857,13.0,45.45271427249501,0.0,460,550,620,660,750,800,870,920,990,1100,1100
POST,/orders,13103,13103,540.0,553.1789944810148,114.12178282625973,1108.1487701740116,227.0,42.3198262710511,42.3198262710511,540,620,680,710,770,820,890,930,1000,1100,1100
,Aggregated,163047,13103,490.0,499.01854855696365,23.241031914949417,1845.2401920221746,3882.4782363367617,526.6061752282736,42.3198262710511,490,560,620,650,740,790,860,900,1100,1800,1800
