Type,Name,Request Count,Failure Count,Median Response Time,Average Response Time,Min Response Time,Max Response Time,Average Content Size,Requests/s,Failures/s,50%,66%,75%,80%,90%,95%,98%,99%,99.9%,99.99%,100%
GET,/,14288,0,370.0,396.36921667028025,14.119165018200874,1568.3280850062147,8649.0,46.27445046824513,0.0,370,450,500,530,630,720,820,880,1300,1500,1600
GET,/basket.html,13417,0,390.0,403.4123631298389,15.104655991308391,966.5277340682223,23388.0,43.45354856750034,0.0,390,460,500,530,620,700,780,820,910,960,970
POST,/cart,82491,0,480.0,488.2569761093217,30.70433996617794,1135.2560659870505,0.0,267.1630524619267,0.0,480,560,610,640,720,780,860,900,1000,1100,1100
GET,/catalogue,14152,0,420.0,422.60876526611594,8.140762918628752,967.4693940905854,2795.0,45.833988173754555,0.0,420,490,530,560,650,720,810,860,940,960,970
GET,/category.html,14164,0,410.0,414.5072219969922,8.921726024709642,978.6410279339179,11518.0,45.87285249385666,0.0,410,490,530,560,640,720,800,840,960,980,980
GET,/login,14268,0,410.0,438.9577203418878,41.3433100329712,991.8595179915428,13.0,46.20967660140828,0.0,410,500,570,610,700,770,840,880,950,990,990
POST,/orders,13328,13328,500.0,508.34900949558823,50.299323978833854,1040.2625519782305,227.0,43.16530486007637,43.16530486007637,500,580,630,670,750,810,870,920,980,1000,1000
,Aggregated,166108,13328,450.0,458.9958168838279,8.140762918628752,1568.3280850062147,3872.6638090880633,537.9728736267681,43.16530486007637,450,530,580,610,700,770,850,890,1000,1300,1600
