Type,Name,Request Count,Failure Count,Median Response Time,Average Response Time,Min Response Time,Max Response Time,Average Content Size,Requests/s,Failures/s,50%,66%,75%,80%,90%,95%,98%,99%,99.9%,99.99%,100%
GET,/,1908,0,4,5.982573662881605,1.981362933292985,60.37999002728611,8649.0,6.172036516437528,0.0,4,5,6,7,9,16,26,40,59,60,60
GET,/basket.html,1823,0,4,4.875909738808163,2.0051810424774885,46.670051058754325,23388.0,5.897076818378204,0.0,4,5,6,6,7,9,10,12,24,47,47
POST,/cart,11162,0,24,25.182095437792984,14.443106018006802,102.87128807976842,0.0,36.10706058515497,0.0,24,26,27,28,31,35,42,48,68,83,100
GET,/catalogue,1898,0,8,8.792071786141896,4.465982085093856,44.75632996764034,2795.0,6.1396883166658425,0.0,8,9,9,10,12,14,19,26,39,45,45
GET,/category.html,1898,0,5,5.581546174921685,2.138745039701462,53.95066202618182,11518.0,6.1396883166658425,0.0,5,6,6,7,9,11,15,19,33,54,54
GET,/login,1908,0,58,59.71468676610623,49.93654298596084,107.13725804816931,13.0,6.172036516437528,0.0,58,60,61,62,65,72,80,96,110,110,110
POST,/orders,1808,1808,72,68.97945780572594,22.14029198512435,103.1293529085815,227.0,5.848554518720676,5.848554518720676,72,74,75,76,80,82,86,89,100,100,100
,Aggregated,22405,1808,23,25.321030673146733,1.981362933292985,107.13725804816931,3871.453247043071,72.47614158846059,5.848554518720676,23,26,29,33,61,71,76,80,98,110,110
