Type,Name,Request Count,Failure Count,Median Response Time,Average Response Time,Min Response Time,Max Response Time,Average Content Size,Requests/s,Failures/s,50%,66%,75%,80%,90%,95%,98%,99%,99.9%,99.99%,100%
GET,/,13685,0,460.0,478.4448517347622,38.05512492544949,1720.173830166459,8649.0,44.33417346900853,0.0,460,520,570,610,710,770,840,960,1500,1600,1700
GET,/basket.html,12827,0,480.0,485.7503306044216,39.322893833741546,971.2942249607295,23388.0,41.554581153596814,0.0,480,530,580,610,690,750,800,830,900,970,970
POST,/cart,78472,0,570.0,573.160264789237,71.8642168212682,1113.6436038650572,0.0,254.21931022725886,0.0,570,650,690,720,790,830,880,910,990,1100,1100
GET,/catalogue,13537,0,490.0,499.3404523594239,8.981980150565505,960.6817960739136,2795.0,43.854709992690424,0.0,490,550,600,630,730,790,830,860,920,960,960
GET,/category.html,13555,0,480.0,486.5976393095529,17.401060089468956,1015.705956146121,11518.0,43.913023118188576,0.0,480,550,590,630,710,770,810,840,920,1000,1000
GET,/login,13667,0,520.0,533.712973463971,62.06295290030539,1043.1983040180057,13.0,44.27586034351038,0.0,520,620,690,720,780,820,870,900,1000,1000,1000
POST,/orders,12725,12725,590.0,593.8796946257426,76.17132808081806,1240.2589078992605,227.0,41.22414010910731,41.22414010910731,590,670,720,740,800,850,900,940,1100,1200,1200
,Aggregated,158468,12725,530.0,542.4568153322402,8.981980150565505,1720.173830166459,3883.3587348865385,513.3757984133609,41.22414010910731,530,610,670,700,770,820,870,900,1000,1500,1700
