Type,Name,Request Count,Failure Count,Median Response Time,Average Response Time,Min Response Time,Max Response Time,Average Content Size,Requests/s,Failures/s,50%,66%,75%,80%,90%,95%,98%,99%,99.9%,99.99%,100%
GET,/,13762,0,450.0,476.04766898726456,21.31455997005105,1721.7720809858292,8649.0,44.46784028306865,0.0,450,520,570,620,720,790,860,1000,1700,1700,1700
GET,/basket.html,12889,0,470.0,484.5079240754681,3.161825006827712,1031.1340859625489,23388.0,41.646998503740136,0.0,470,530,580,620,710,770,830,870,940,1000,1000
POST,/cart,78610,0,570.0,575.3136209252565,51.01928487420082,1080.9929170645773,0.0,254.00500833105843,0.0,570,650,700,730,800,850,900,930,1000,1100,1100
GET,/catalogue,13634,0,500.0,501.8747542945062,16.148556023836136,1040.5305970925838,2795.0,44.05424607029196,0.0,500,560,610,650,750,810,870,900,960,1000,1000
GET,/category.html,13652,0,480.0,486.9584273880353,9.823716944083571,1027.9571621213108,11518.0,44.11240775646368,0.0,480,550,610,640,720,780,840,870,970,1000,1000
GET,/login,13725,0,510.0,526.5234829456408,81.578265177086,1038.259502965957,13.0,44.34828570593788,0.0,510,610,680,720,800,850,910,940,1000,1000,1000
POST,/orders,12787,12787,590.0,598.4612414314748,118.78625908866525,1117.6900891587138,227.0,41.31741561543372,41.31741561543372,590,680,730,760,820,870,920,960,1100,1100,1100
,Aggregated,159059,12787,530.0,543.1391492673379,3.161825006827712,1721.7720809858292,3891.054954450864,513.9522022659945,41.31741561543372,530,620,670,710,780,840,900,930,1000,1700,1700
