Type,Name,Request Count,Failure Count,Median Response Time,Average Response Time,Min Response Time,Max Response Time,Average Content Size,Requests/s,Failures/s,50%,66%,75%,80%,90%,95%,98%,99%,99.9%,99.99%,100%
GET,/,1921,0,5,6.265234121789051,1.9930398557335138,55.32890814356506,8649.0,6.213141409564165,0.0,5,5,6,7,9,20,29,37,53,55,55
GET,/basket.html,1832,0,4,5.1048870060407845,1.975571969524026,44.130776077508926,23388.0,5.925286341656195,0.0,4,5,6,6,8,10,12,15,37,44,44
POST,/cart,11181,0,25,25.90403599028111,14.664892107248306,99.73670006729662,0.0,36.163005778415894,0.0,25,27,28,29,32,36,44,50,79,97,100
GET,/catalogue,1911,0,8,9.062146413793533,4.465612815693021,58.066169964149594,2795.0,6.18079814350709,0.0,8,9,9,10,12,15,21,28,56,58,58
GET,/category.html,1911,0,5,5.899141618761676,2.135479124262929,61.110581969842315,11518.0,6.18079814350709,0.0,5,6,7,7,10,12,16,23,37,61,61
GET,/login,1920,0,59,60.494742475808984,49.89285604096949,121.83610699139535,13.0,6.209907082958457,0.0,59,60,62,63,67,76,95,100,110,120,120
POST,/orders,1821,1821,72,70.13121731313358,21.31906501017511,134.205331094563,227.0,5.889708748993412,5.889708748993412,72,74,76,77,81,85,90,95,120,130,130
,Aggregated,22497,1821,23,25.9354833027221,1.975571969524026,134.205331094563,3878.384451260168,72.7626456486023,5.889708748993412,23,26,30,34,61,72,77,82,100,120,130
