Type,Name,Request Count,Failure Count,Median Response Time,Average Response Time,Min Response Time,Max Response Time,Average Content Size,Requests/s,Failures/s,50%,66%,75%,80%,90%,95%,98%,99%,99.9%,99.99%,100%
GET,/,1922,0,4,6.025464037645503,1.6370879020541906,59.31599601171911,8649.0,6.226226096799991,0.0,4,5,6,6,9,20,29,42,58,59,59
GET,/basket.html,1829,0,4,4.610955107452001,1.90692488104105,23.307823110371828,23388.0,5.92495709211612,0.0,4,5,5,6,7,9,11,13,22,23,23
POST,/cart,11127,0,23,24.39953093710355,12.936392100527883,86.60323405638337,0.0,36.045378657176634,0.0,23,25,26,27,31,35,42,48,72,83,87
GET,/catalogue,1911,0,7,8.263251005634393,3.9137019775807858,48.150009009987116,2795.0,6.190592128504049,0.0,7,8,9,9,11,15,21,25,46,48,48
GET,/category.html,1911,0,5,5.494901096796269,1.7656739801168442,59.79533796198666,11518.0,6.190592128504049,0.0,5,6,6,7,9,11,15,20,53,60,60
GET,/login,1921,0,56,58.10673283337907,48.99241612292826,127.94168200343847,13.0,6.222986645136723,0.0,56,58,59,60,64,74,89,96,120,130,130
POST,/orders,1822,1822,68,65.52364241061416,18.402134999632835,150.16206400468946,227.0,5.902280930473248,5.902280930473248,68,70,72,73,77,81,87,91,150,150,150
,Aggregated,22443,1822,22,24.453366235433798,1.6370879020541906,150.16206400468946,3884.9859644432563,72.70301367871082,5.902280930473248,22,25,28,32,58,68,73,79,99,130,150
