Type,Name,Request Count,Failure Count,Median Response Time,Average Response Time,Min Response Time,Max Response Time,Average Content Size,Requests/s,Failures/s,50%,66%,75%,80%,90%,95%,98%,99%,99.9%,99.99%,100%
GET,/,14066,0,410.0,428.87293642003965,19.864659989252687,1913.2606209022924,8649.0,45.545711652492635,0.0,410,470,510,550,660,730,800,870,1700,1900,1900
GET,/basket.html,13199,0,430.0,439.15906911746913,20.76187205966562,936.2010670593008,23388.0,42.73836542736032,0.0,430,490,530,560,650,720,780,800,890,940,940
POST,/cart,80566,0,530.0,527.9216190226059,41.247714892961085,1097.1218890044838,0.0,260.8727289204267,0.0,530,600,650,680,740,790,840,870,980,1000,1100
GET,/catalogue,13925,0,450.0,454.52538629365114,28.60046795103699,992.8414049791172,2795.0,45.089153615879425,0.0,450,510,560,590,680,740,800,830,920,960,990
GET,/category.html,13932,0,440.0,441.67882370946995,31.38822189066559,935.399311943911,11518.0,45.1118196176971,0.0,440,500,540,570,660,720,770,820,910,930,940
GET,/login,14047,0,470.0,482.9708439045999,54.84584195073694,1038.9931940007955,13.0,45.48418964755894,0.0,470,560,630,660,740,790,840,870,980,1000,1000
POST,/orders,13090,13090,550.0,550.0897224677508,59.41013095434755,1106.3058139989153,227.0,42.38542339905649,42.38542339905649,550,620,670,700,770,810,860,900,1000,1100,1100
,Aggregated,162825,13090,490.0,496.4177596967911,19.864659989252687,1913.2606209022924,3886.9844188545985,527.2273922804716,42.38542339905649,490,560,620,650,730,780,830,860,1000,1700,1900
