Type,Name,Request Count,Failure Count,Median Response Time,Average Response Time,Min Response Time,Max Response Time,Average Content Size,Requests/s,Failures/s,50%,66%,75%,80%,90%,95%,98%,99%,99.9%,99.99%,100%
GET,/,1914,0,4,6.048156629981183,1.8558090087026358,67.79816187918186,8649.0,6.191310346959037,0.0,4,5,6,7,9,16,29,38,66,68,68
GET,/basket.html,1828,0,4,4.528763976062218,1.9674650393426418,38.795976899564266,23388.0,5.9131218987675656,0.0,4,5,5,6,7,8,10,12,17,39,39
POST,/cart,11143,0,23,23.795613586493246,12.524842051789165,104.99322088435292,0.0,36.044812537181066,0.0,23,24,26,27,30,34,41,51,75,85,100
GET,/catalogue,1900,0,7,8.252629350968881,4.077550023794174,36.79055697284639,2795.0,6.146023855392984,0.0,7,8,9,9,11,14,19,26,35,37,37
GET,/category.html,1900,0,5,5.382042590675778,1.9023329950869083,34.15156085975468,11518.0,6.146023855392984,0.0,5,6,6,7,9,11,14,17,31,34,34
GET,/login,1913,0,56,57.805423717434635,47.802107175812125,103.6634671036154,13.0,6.188075597561462,0.0,56,57,59,60,63,72,89,95,100,100,100
POST,/orders,1814,1814,68,65.47050121383559,16.480942955240607,120.21965393796563,227.0,5.867835407201512,5.867835407201512,68,70,71,73,76,80,86,94,120,120,120
,Aggregated,22412,1814,21,24.105854720453106,1.8558090087026358,120.21965393796563,3879.1181956094947,72.49720349845661,5.867835407201512,21,24,27,31,58,68,73,78,98,110,120
