Type,Name,Request Count,Failure Count,Median Response Time,Average Response Time,Min Response Time,Max Response Time,Average Content Size,Requests/s,Failures/s,50%,66%,75%,80%,90%,95%,98%,99%,99.9%,99.99%,100%
GET,/,1922,0,5,6.337116782056336,1.9590921001508832,58.689235942438245,8649.0,6.2191559259778355,0.0,5,5,6,7,10,19,28,43,58,59,59
GET,/basket.html,1839,0,4,4.98453861647126,2.190010971389711,46.057677012868226,23388.0,5.9505867574782725,0.0,4,5,6,6,8,9,11,13,39,46,46
POST,/cart,11166,0,24,25.29976094679703,14.062351081520319,91.54670604038984,0.0,36.13064259597738,0.0,24,26,27,28,32,36,43,51,67,77,92
GET,/catalogue,1907,0,8,8.933280856169342,4.520238027907908,59.05549495946616,2795.0,6.170619329261047,0.0,8,9,9,10,12,16,20,24,44,59,59
GET,/category.html,1907,0,5,5.662916313090586,2.1305379923433065,47.52730205655098,11518.0,6.170619329261047,0.0,5,6,6,7,9,12,16,19,41,48,48
GET,/login,1922,0,58,59.70003870423664,23.087430046871305,112.3446139972657,13.0,6.2191559259778355,0.0,58,60,61,62,66,75,86,90,110,110,110
POST,/orders,1822,1822,72,69.17116623313056,20.484428037889302,114.26522303372622,227.0,5.895578614532579,5.895578614532579,72,74,76,77,81,84,91,99,110,110,110
,Aggregated,22485,1822,22,25.459280541286365,1.9590921001508832,114.26522303372622,3885.5851011785635,72.756358478466,5.895578614532579,22,26,29,33,60,71,77,81,100,110,110
