Type,Name,Request Count,Failure Count,Median Response Time,Average Response Time,Min Response Time,Max Response Time,Average Content Size,Requests/s,Failures/s,50%,66%,75%,80%,90%,95%,98%,99%,99.9%,99.99%,100%
GET,/,13488,0,490.0,522.6494398897858,62.91096517816186,2208.522791042924,8649.0,43.42863461354055,0.0,490,560,610,660,750,830,930,1300,2100,2200,2200
GET,/basket.html,12627,0,510.0,528.0805510839813,41.043722070753574,1155.407320940867,23388.0,40.65638858727584,0.0,510,560,620,650,740,800,860,900,1100,1100,1200
POST,/cart,77245,1,610.0,614.2361339432703,64.64354204945266,1196.3970430660993,0.0008285325911062205,248.71329186854535,0.0032197979399125557,610,680,730,760,820,870,930,970,1100,1200,1200
GET,/catalogue,13339,0,520.0,535.1141825153144,22.99499697983265,1145.970573881641,2795.0,42.94888472049358,0.0,520,580,640,680,770,830,890,930,1100,1100,1100
GET,/category.html,13352,0,520.0,523.835385528779,24.33795901015401,1195.710496045649,11518.0,42.99074209371244,0.0,520,590,630,660,750,800,860,900,1100,1200,1200
GET,/login,13454,0,560.0,571.9096616751378,72.38453603349626,1169.9855339247733,13.0,43.31916148358352,0.0,560,650,710,750,820,870,930,980,1100,1200,1200
POST,/orders,12522,12522,630.0,634.3999630368279,136.72291417606175,1170.1584260445088,227.0,40.318309803585024,40.318309803585024,630,700,750,780,840,890,950,990,1100,1200,1200
,Aggregated,156027,12523,570.0,582.8145513513322,22.99499697983265,2208.522791042924,3884.3680196376267,502.3754131707363,40.32152960152494,570,650,700,730,810,860,920,970,1200,2100,2200
