Type,Name,Request Count,Failure Count,Median Response Time,Average Response Time,Min Response Time,Max Response Time,Average Content Size,Requests/s,Failures/s,50%,66%,75%,80%,90%,95%,98%,99%,99.9%,99.99%,100%
GET,/,1930,0,4,6.052368178172278,1.8797118682414293,58.17798897624016,8649.0,6.24343428712931,0.0,4,5,6,6,9,18,30,41,53,58,58
GET,/basket.html,1838,0,4,4.857136797255171,2.1179330069571733,39.58994592539966,23388.0,5.945819802975996,0.0,4,5,6,6,7,9,11,15,37,40,40
POST,/cart,11145,0,23,24.230104324020555,13.737136032432318,95.41156608611345,0.0,36.05340680313791,0.0,23,25,26,27,30,34,43,50,75,93,95
GET,/catalogue,1916,0,8,8.818781179315673,4.4020540080964565,66.29526801407337,2795.0,6.198145126497284,0.0,8,9,9,10,12,15,22,37,66,66,66
GET,/category.html,1916,0,5,5.588351585197462,1.911297906190157,42.40567609667778,11518.0,6.198145126497284,0.0,5,5,6,7,9,12,16,19,31,42,42
GET,/login,1930,0,56,58.300157064581626,49.31141692213714,102.21346886828542,13.0,6.24343428712931,0.0,56,58,59,60,64,74,85,91,100,100,100
POST,/orders,1830,1830,69,66.28708006531672,19.106199964880943,158.74571702443063,227.0,5.919940282614838,5.919940282614838,69,71,72,73,76,81,91,100,130,160,160
,Aggregated,22505,1830,21,24.531514185266204,1.8797118682414293,158.74571702443063,3889.9765385469896,72.80232571598194,5.919940282614838,21,25,28,32,59,68,73,78,100,120,160
