Type,Name,Request Count,Failure Count,Median Response Time,Average Response Time,Min Response Time,Max Response Time,Average Content Size,Requests/s,Failures/s,50%,66%,75%,80%,90%,95%,98%,99%,99.9%,99.99%,100%
GET,/,1940,0,4,6.201353806404628,1.9452390260994434,53.95321501418948,8649.0,6.274706073201276,0.0,4,5,6,7,10,18,29,41,51,54,54
GET,/basket.html,1852,0,4,5.027002359531241,2.103591919876635,34.8125109449029,23388.0,5.990080230705549,0.0,4,5,6,6,8,9,11,15,34,35,35
POST,/cart,11170,0,26,27.189118655535225,15.9995649009943,121.5815779287368,0.0,36.12807568951457,0.0,26,28,29,30,34,38,47,56,84,110,120
GET,/catalogue,1923,0,8,9.198321941917936,4.646649933420122,52.933258935809135,2795.0,6.2197215354464195,0.0,8,9,9,10,13,17,27,33,51,53,53
GET,/category.html,1923,0,5,5.8768766950229905,1.955977058969438,49.458394991233945,11518.0,6.2197215354464195,0.0,5,6,7,7,9,12,18,27,48,49,49
GET,/login,1940,0,58,59.6097616047344,49.59075909573585,119.8189880233258,13.0,6.274706073201276,0.0,58,60,61,62,66,75,89,93,120,120,120
POST,/orders,1840,1840,72,69.26613799606339,20.436028018593788,153.46226992551237,227.0,5.951267615819767,5.951267615819767,72,74,76,77,80,85,91,98,130,150,150
,Aggregated,22588,1840,24,26.435511268876574,1.9452390260994434,153.46226992551237,3898.549451035948,73.05827875333527,5.951267615819767,24,28,31,35,60,72,77,81,99,130,150
