Type,Name,Request Count,Failure Count,Median Response Time,Average Response Time,Min Response Time,Max Response Time,Average Content Size,Requests/s,Failures/s,50%,66%,75%,80%,90%,95%,98%,99%,99.9%,99.99%,100%
GET,/,13793,0,450.0,460.0615995234515,25.27519385330379,1047.465591924265,8649.0,44.547016932711124,0.0,450,510,550,590,700,770,840,870,1000,1000,1000
GET,/basket.html,12932,0,460.0,476.85044747222753,29.684355948120356,1011.4893571007997,23388.0,41.76625991255131,0.0,460,520,570,600,690,760,820,860,980,1000,1000
POST,/cart,79581,0,550.0,559.207358156408,55.48034282401204,1072.8496459778398,0.0,257.0213988633426,0.0,550,630,680,710,780,830,880,920,1000,1100,1100
GET,/catalogue,13634,0,480.0,487.7523634461783,14.649312943220139,1044.582983944565,2795.0,44.03349734362238,0.0,480,540,590,620,720,790,850,890,1000,1000,1000
GET,/category.html,13653,0,480.0,481.4698753352989,12.09489000029862,1043.1659780442715,11518.0,44.09486131967701,0.0,480,540,590,620,710,770,840,870,1000,1000,1000
GET,/login,13745,0,490.0,515.4552992697562,63.423570012673736,1056.304418016225,13.0,44.39199215109943,0.0,490,590,660,700,780,830,890,920,1000,1000,1100
POST,/orders,12821,12821,570.0,581.6066141397602,75.99022286012769,1161.7403719574213,227.0,41.40776510507427,41.40776510507427,570,650,700,730,790,840,900,940,1000,1100,1200
,Aggregated,160159,12821,520.0,529.3475597244538,12.09489000029862,1161.7403719574213,3872.405603181838,517.262791628078,41.40776510507427,520,600,650,680,760,820,870,910,1000,1100,1200
