Type,Name,Request Count,Failure Count,Median Response Time,Average Response Time,Min Response Time,Max Response Time,Average Content Size,Requests/s,Failures/s,50%,66%,75%,80%,90%,95%,98%,99%,99.9%,99.99%,100%
GET,/,1939,0,4,6.0180536432402105,1.895700115710497,64.40598191693425,8649.0,6.250675884547767,0.0,4,5,6,7,9,16,30,42,62,64,64
GET,/basket.html,1851,0,4,4.733657776209541,1.9577599596232176,40.221165865659714,23388.0,5.966993843371799,0.0,4,5,6,6,7,9,10,12,21,40,40
POST,/cart,11257,0,23,24.142460898909295,13.632666086778045,73.93000088632107,0.0,36.28873565361228,0.0,23,25,26,27,30,34,41,47,63,73,74
GET,/catalogue,1925,0,7,8.226284067110194,3.916958114132285,51.76623119041324,2795.0,6.205544650724318,0.0,7,8,9,9,11,14,20,24,48,52,52
GET,/category.html,1925,0,5,5.319866262279548,1.8407728057354689,44.8685078881681,11518.0,6.205544650724318,0.0,5,6,6,7,9,11,14,16,23,45,45
GET,/login,1939,0,56,57.65315954589783,48.78504201769829,104.36340793967247,13.0,6.250675884547767,0.0,56,58,59,60,63,72,85,90,100,100,100
POST,/orders,1839,1839,68,65.32798954976957,19.58232605829835,113.41760796494782,227.0,5.928309928665985,5.928309928665985,68,70,72,73,76,80,86,89,110,110,110
,Aggregated,22675,1839,21,24.264903083688026,1.8407728057354689,113.41760796494782,3883.4303858875414,73.09648049619423,5.928309928665985,21,25,28,32,58,68,73,77,94,110,110
