Type,Name,Request Count,Failure Count,Median Response Time,Average Response Time,Min Response Time,Max Response Time,Average Content Size,Requests/s,Failures/s,50%,66%,75%,80%,90%,95%,98%,99%,99.9%,99.99%,100%
GET,/,13908,0,430.0,449.35878093526435,38.944066036492586,1643.2451169239357,8649.0,44.9332599601256,0.0,430,490,530,560,690,760,840,930,1300,1500,1600
GET,/basket.html,13064,0,450.0,456.8216589116969,12.555531109683216,967.885743943043,23388.0,42.20650763007484,0.0,450,500,540,570,670,750,810,850,920,960,970
POST,/cart,79917,0,540.0,551.7165381101239,60.57304493151605,1037.7549729309976,0.0,258.19178431358625,0.0,540,620,670,700,780,830,880,910,990,1000,1000
GET,/catalogue,13757,0,470.0,477.34504465362795,8.226732956245542,1020.6207470037043,2795.0,44.445416829986186,0.0,470,530,570,610,720,790,830,860,950,1000,1000
GET,/category.html,13785,0,460.0,466.5214928358727,3.6048530600965023,996.6678529744968,11518.0,44.535877807760386,0.0,460,520,570,600,700,770,820,860,940,990,1000
GET,/login,13891,0,490.0,508.0991949815167,51.0659929132089,1015.6301009701565,13.0,44.87833722361984,0.0,490,580,650,690,780,830,880,920,970,1000,1000
POST,/orders,12950,12950,560.0,571.9284189733476,90.40452993940562,1134.68846201431,227.0,41.83820222056561,41.83820222056561,560,640,700,730,800,850,900,940,1000,1100,1100
,Aggregated,161272,12950,510.0,519.4419623657766,3.6048530600965023,1643.2451169239357,3882.7434520561537,521.0293859857187,41.83820222056561,510,580,640,680,760,820,870,900,1000,1300,1600
