Type,Name,Request Count,Failure Count,Median Response Time,Average Response Time,Min Response Time,Max Response Time,Average Content Size,Requests/s,Failures/s,50%,66%,75%,80%,90%,95%,98%,99%,99.9%,99.99%,100%
GET,/,1948,0,4,5.993010252723719,1.8280521035194397,62.55874806083739,8649.0,6.279559339372035,0.0,4,5,6,6,9,17,28,44,62,63,63
GET,/basket.html,1857,0,4,4.663073845828573,2.041531028226018,40.74943601153791,23388.0,5.986212368179605,0.0,4,5,5,6,7,9,12,14,21,41,41
POST,/cart,11269,0,23,24.081376906115274,13.268077978864312,94.60539114661515,0.0,36.32667053151102,0.0,23,25,26,27,30,35,43,49,71,86,95
GET,/catalogue,1937,0,7,8.187215080605911,3.99251701310277,47.99588397145271,2795.0,6.244099815381742,0.0,7,8,9,9,11,15,19,23,46,48,48
GET,/category.html,1937,0,5,5.317893483381281,1.8911052029579878,28.82824605330825,11518.0,6.244099815381742,0.0,5,6,6,7,9,11,15,17,23,29,29
GET,/login,1948,0,56,58.1775391687117,48.72630094178021,107.24548506550491,13.0,6.279559339372035,0.0,56,58,59,60,63,77,90,93,110,110,110
POST,/orders,1848,1848,68,65.6446820269621,19.634114112704992,117.58185480721295,227.0,5.957200030369364,5.957200030369364,68,70,72,73,76,81,87,97,120,120,120
,Aggregated,22744,1848,21,24.292444707788516,1.8280521035194397,117.58185480721295,3888.888014421386,73.31740123956754,5.957200030369364,21,25,28,32,58,68,73,79,99,110,120
