Type,Name,Request Count,Failure Count,Median Response Time,Average Response Time,Min Response Time,Max Response Time,Average Content Size,Requests/s,Failures/s,50%,66%,75%,80%,90%,95%,98%,99%,99.9%,99.99%,100%
GET,/,1916,0,4,6.201105219159384,1.9196451175957918,54.47665508836508,8649.0,6.19811190738242,0.0,4,5,6,7,9,20,29,42,54,54,54
GET,/basket.html,1825,0,4,5.127128223722724,2.108379965648055,52.19310405664146,23388.0,5.903733941008829,0.0,4,5,6,6,8,10,12,13,39,52,52
POST,/cart,11175,0,26,27.101938441204076,14.895786996930838,106.92966496571898,0.0,36.150261255218446,0.0,26,28,29,30,34,39,47,55,80,100,110
GET,/catalogue,1904,0,8,8.894562512022803,4.538139095529914,43.47738693468273,2795.0,6.159292834893594,0.0,8,9,9,10,12,15,21,26,39,43,43
GET,/category.html,1904,0,5,5.70056723952176,2.140878001227975,44.47445902042091,11518.0,6.159292834893594,0.0,5,6,6,7,9,12,15,17,39,44,44
GET,/login,1915,0,58,59.973644199185365,24.90838197991252,132.60825513862073,13.0,6.194876984675018,0.0,58,60,61,62,66,76,88,100,120,130,130
POST,/orders,1816,1816,72,69.17583995018182,21.815183106809855,135.08681184612215,227.0,5.87461963664221,5.87461963664221,72,74,76,77,81,86,91,98,120,140,140
,Aggregated,22455,1816,24,26.380069905436205,1.9196451175957918,135.08681184612215,3871.906613226453,72.64018939471411,5.87461963664221,24,27,31,36,60,71,77,82,100,120,140
