Type,Name,Request Count,Failure Count,Median Response Time,Average Response Time,Min Response Time,Max Response Time,Average Content Size,Requests/s,Failures/s,50%,66%,75%,80%,90%,95%,98%,99%,99.9%,99.99%,100%
GET,/,13944,0,430.0,453.3312988702917,10.87725511752069,2272.6497871335596,8649.0,45.0926475692496,0.0,430,480,530,570,680,760,840,1100,2100,2200,2300
GET,/basket.html,13088,0,450.0,457.2967784910481,9.839725913479924,1003.0882880091667,23388.0,42.32448159684013,0.0,450,500,540,580,670,730,790,820,900,1000,1000
POST,/cart,79928,0,540.0,542.7664289710251,26.263935957103968,1117.8238140419126,0.0,258.4742638349815,0.0,540,610,660,680,760,810,860,890,990,1100,1100
GET,/catalogue,13798,0,470.0,474.83716272689406,10.152090806514025,1027.412872062996,2795.0,44.62050711133864,0.0,470,520,570,600,710,770,830,860,960,1000,1000
GET,/category.html,13814,0,460.0,462.90720324955646,9.720660978928208,1019.3333530332893,11518.0,44.67224853138367,0.0,460,520,570,600,680,740,800,840,940,1000,1000
GET,/login,13925,0,480.0,499.6160074655649,57.91246402077377,1071.0571240633726,13.0,45.031204632946114,0.0,480,570,640,680,750,800,850,880,980,1000,1100
POST,/orders,12968,12968,560.0,565.4175346349176,38.37796091102064,1197.434261906892,227.0,41.93642094650235,41.93642094650235,560,640,680,710,770,820,870,910,1000,1100,1200
,Aggregated,161465,12968,500.0,513.5755598627178,9.720660978928208,2272.6497871335596,3886.3135849874584,522.151774223242,41.93642094650235,500,580,630,660,740,800,850,880,1100,2100,2300
