Type,Name,Request Count,Failure Count,Median Response Time,Average Response Time,Min Response Time,Max Response Time,Average Content Size,Requests/s,Failures/s,50%,66%,75%,80%,90%,95%,98%,99%,99.9%,99.99%,100%
GET,/,1937,0,4,6.318064762491427,1.9571040757000446,65.82228897605091,8649.0,6.266486679143462,0.0,4,5,6,7,10,18,30,40,64,66,66
GET,/basket.html,1850,0,4,4.932471759101325,2.1521650487557054,24.498428916558623,23388.0,5.9850285784281905,0.0,4,5,6,6,8,9,11,13,23,24,24
POST,/cart,11103,0,24,25.159366721835358,13.349813991226256,85.17788595054299,0.0,35.91987692231795,0.0,24,26,27,28,31,36,42,50,70,80,85
GET,/catalogue,1920,0,8,9.05276553700484,4.890328040346503,46.58618406392634,2795.0,6.2114891192335815,0.0,8,9,10,10,12,15,21,26,45,47,47
GET,/category.html,1921,0,5,5.662215281159601,2.0161380525678396,47.68445994704962,11518.0,6.214724269816515,0.0,5,6,6,7,9,11,15,20,46,48,48
GET,/login,1936,0,58,59.83193159327806,49.26859610714018,103.83438703138381,13.0,6.263251528560528,0.0,58,60,61,62,65,76,89,94,100,100,100
POST,/orders,1837,1837,71,69.28575008117204,21.85382798779756,124.31381409987807,227.0,5.942971620850046,5.942971620850046,71,74,75,76,80,84,90,95,120,120,120
,Aggregated,22504,1837,22,25.421195376896446,1.9571040757000446,124.31381409987807,3908.4410771418416,72.80382871835026,5.942971620850046,22,26,29,33,61,71,77,81,98,110,120
