Type,Name,Request Count,Failure Count,Median Response Time,Average Response Time,Min Response Time,Max Response Time,Average Content Size,Requests/s,Failures/s,50%,66%,75%,80%,90%,95%,98%,99%,99.9%,99.99%,100%
GET,/,14032,0,410.0,430.8600854302658,40.87094101123512,1679.6054400037974,8649.0,45.31323389121592,0.0,410,470,530,560,680,780,870,910,1500,1700,1700
GET,/basket.html,13177,0,420.0,438.82346060900943,25.629352079704404,979.9872310832143,23388.0,42.55220089684665,0.0,420,490,540,570,660,750,820,850,910,970,980
POST,/cart,80617,0,530.0,531.8710696957305,77.26646796800196,1066.8240347877145,0.0,260.3347332246404,0.0,530,600,650,680,770,830,880,910,1000,1000,1100
GET,/catalogue,13888,0,450.0,461.5048795133543,21.749159088358283,997.7302020415664,2795.0,44.84821780795373,0.0,450,510,560,590,700,790,860,880,960,1000,1000
GET,/category.html,13906,0,440.0,450.8082676450787,20.162246888503432,990.8436019904912,11518.0,44.906344818361504,0.0,440,510,550,590,670,770,840,870,940,970,990
GET,/login,14004,0,450.0,482.1247917369739,66.19966099970043,1036.9342400226742,13.0,45.222814097248275,0.0,450,560,620,660,770,830,890,910,960,1000,1000
POST,/orders,13061,13061,560.0,557.7710964203749,88.82767194882035,1143.1744571309537,227.0,42.177604607552105,42.177604607552105,560,630,680,710,800,850,910,950,1100,1100,1100
,Aggregated,162685,13061,490.0,500.483135478052,20.162246888503432,1679.6054400037974,3882.838682115745,525.3551493438185,42.177604607552105,490,570,620,650,750,820,880,910,1000,1500,1700
