Type,Name,Request Count,Failure Count,Median Response Time,Average Response Time,Min Response Time,Max Response Time,Average Content Size,Requests/s,Failures/s,50%,66%,75%,80%,90%,95%,98%,99%,99.9%,99.99%,100%
GET,/,13829,0,440.0,469.05772620108297,12.60852417908609,1530.7110028807074,8649.0,44.6132385957015,0.0,440,500,550,590,680,750,830,930,1500,1500,1500
GET,/basket.html,12993,0,460.0,482.1676134137153,17.85471080802381,988.6429258622229,23388.0,41.91624911952778,0.0,460,520,560,590,680,730,790,830,940,980,990
POST,/cart,79041,0,560.0,568.455832730482,45.14476400800049,1100.715948967263,0.0,254.991321993119,0.0,560,640,680,710,770,820,880,920,1000,1100,1100
GET,/catalogue,13666,0,480.0,494.7803891849642,14.90485086105764,1021.5041090268642,2795.0,44.08739016912696,0.0,480,540,580,620,720,770,840,880,970,1000,1000
GET,/category.html,13684,0,470.0,484.0927816501825,27.45458693243563,988.3551821112633,11518.0,44.14545932052783,0.0,470,540,580,610,690,750,800,850,950,990,990
GET,/login,13789,0,510.0,528.3752136469801,61.75621203146875,1036.24614700675,13.0,44.4841960370329,0.0,510,610,670,700,760,810,870,920,1000,1000,1000
POST,/orders,12858,12858,580.0,586.9627343480217,78.24847497977316,1144.0670068841428,227.0,41.48073048402125,41.48073048402125,580,650,700,720,780,840,910,960,1100,1100,1100
,Aggregated,159860,12858,520.0,537.3554838827527,12.60852417908609,1530.7110028807074,3893.3698861503817,515.7185857190572,41.48073048402125,520,600,650,690,750,800,860,910,1100,1500,1500
