Type,Name,Request Count,Failure Count,Median Response Time,Average Response Time,Min Response Time,Max Response Time,Average Content Size,Requests/s,Failures/s,50%,66%,75%,80%,90%,95%,98%,99%,99.9%,99.99%,100%
GET,/,1929,0,4,6.006029855383646,1.7398290801793337,57.384466053918004,8649.0,6.23808377500038,0.0,4,5,6,6,9,18,31,40,56,57,57
GET,/basket.html,1841,0,4,4.650436345683103,1.9266018643975258,41.6753978934139,23388.0,5.953505562351322,0.0,4,5,5,6,7,9,11,13,18,42,42
POST,/cart,11212,0,23,23.689574954182852,12.754345079883933,124.17716905474663,0.0,36.25785136615047,0.0,23,24,26,27,30,34,41,47,69,89,120
GET,/catalogue,1914,0,7,8.251625420588926,4.204352851957083,61.00535299628973,2795.0,6.189576125117018,0.0,7,8,9,9,11,14,20,24,45,61,61
GET,/category.html,1914,0,4,5.3241499882121355,1.875374000519514,69.51829977333546,11518.0,6.189576125117018,0.0,4,5,6,7,9,11,14,17,44,70,70
GET,/login,1929,0,56,57.94466487658266,48.836850095540285,108.08814410120249,13.0,6.23808377500038,0.0,56,57,59,59,63,76,91,95,110,110,110
POST,/orders,1829,1829,68,64.99343966042237,18.845656188204885,128.75703489407897,227.0,5.914699442444632,5.914699442444632,68,70,71,72,76,79,85,89,130,130,130
,Aggregated,22568,1829,21,24.033449712337003,1.7398290801793337,128.75703489407897,3880.5641173342788,72.98137617118122,5.914699442444632,21,24,27,31,58,68,73,78,98,120,130
