Type,Name,Request Count,Failure Count,Median Response Time,Average Response Time,Min Response Time,Max Response Time,Average Content Size,Requests/s,Failures/s,50%,66%,75%,80%,90%,95%,98%,99%,99.9%,99.99%,100%
GET,/,1897,0,5,6.403453978619051,1.9702541176229715,57.117813965305686,8649.0,6.136902760832701,0.0,5,5,6,7,9,19,30,48,56,57,57
GET,/basket.html,1816,0,4,5.023895328867532,2.1404761355370283,46.79947393015027,23388.0,5.874863159553075,0.0,4,5,6,6,8,9,11,14,40,47,47
POST,/cart,11109,0,25,25.75531031100824,14.193688984960318,84.87464510835707,0.0,35.938246056979686,0.0,25,26,28,29,32,36,42,51,73,84,85
GET,/catalogue,1888,0,8,8.82841912983676,4.792613908648491,55.68658001720905,2795.0,6.107787249579409,0.0,8,9,9,10,12,15,19,24,46,56,56
GET,/category.html,1888,0,5,5.713691441657937,2.185467164963484,44.76409498602152,11518.0,6.107787249579409,0.0,5,6,7,7,9,12,15,18,43,45,45
GET,/login,1897,0,58,60.226223576479114,49.72592694684863,109.84464804641902,13.0,6.136902760832701,0.0,58,60,61,63,66,75,89,96,110,110,110
POST,/orders,1797,1797,72,69.67027702640367,21.40707499347627,155.33729502931237,227.0,5.813397080240571,5.813397080240571,72,74,76,77,81,85,90,94,110,160,160
,Aggregated,22292,1797,23,25.76209523863559,1.9702541176229715,155.33729502931237,3872.9268347389198,72.11588631759756,5.813397080240571,23,26,30,34,61,72,77,82,98,110,160
