Type,Name,Request Count,Failure Count,Median Response Time,Average Response Time,Min Response Time,Max Response Time,Average Content Size,Requests/s,Failures/s,50%,66%,75%,80%,90%,95%,98%,99%,99.9%,99.99%,100%
GET,/,14167,0,400.0,425.69370247585397,18.19168694783002,1843.1021489668638,8649.0,45.79949814565758,0.0,400,490,540,580,690,780,860,1100,1800,1800,1800
GET,/basket.html,13316,0,430.0,431.9533356464787,24.00418499018997,967.6389759406447,23388.0,43.04836008382695,0.0,430,500,550,580,670,750,810,850,940,970,970
POST,/cart,81353,0,520.0,514.5640959443756,43.10360294766724,1067.5050760619342,0.0,263.00039335382803,0.0,520,600,650,680,760,820,870,910,990,1000,1100
GET,/catalogue,14030,0,450.0,450.5598930509579,13.787618023343384,977.7911229757592,2795.0,45.356600478829385,0.0,450,530,570,600,700,780,840,870,970,980,980
GET,/category.html,14052,0,440.0,438.6189577636703,11.933387024328113,1006.30922394339,11518.0,45.42772273189669,0.0,440,520,570,600,690,760,820,850,950,980,1000
GET,/login,14148,0,440.0,463.05278988329223,45.418663998134434,1026.6031579812989,13.0,45.738074381644914,0.0,440,540,610,660,760,810,860,920,990,1000,1000
POST,/orders,13215,13215,540.0,532.6598758283792,57.46905889827758,1062.4401000095531,227.0,42.721844285654335,42.721844285654335,540,620,670,700,780,840,890,940,1000,1100,1100
,Aggregated,164281,13215,480.0,485.2613888529406,11.933387024328113,1843.1021489668638,3884.889342041989,531.0924934613379,42.721844285654335,480,570,620,650,740,810,860,900,1000,1600,1800
