Type,Name,Request Count,Failure Count,Median Response Time,Average Response Time,Min Response Time,Max Response Time,Average Content Size,Requests/s,Failures/s,50%,66%,75%,80%,90%,95%,98%,99%,99.9%,99.99%,100%
GET,/,1931,0,5,6.242534574176702,1.9978509517386556,52.563356002792716,8649.0,6.246208595936447,0.0,5,5,6,7,9,17,29,41,51,53,53
GET,/basket.html,1835,0,4,4.992495220070781,2.0175749668851495,47.129345941357315,23388.0,5.9356772519644645,0.0,4,5,6,6,8,9,12,15,39,47,47
POST,/cart,11177,0,24,25.428923017344037,13.546260888688266,92.35391998663545,0.0,36.15425866223805,0.0,24,26,27,29,32,37,44,51,70,80,92
GET,/catalogue,1919,0,8,8.97712314312374,4.553165985271335,34.13723304402083,2795.0,6.2073921779399495,0.0,8,9,9,10,13,16,23,28,34,34,34
GET,/category.html,1919,0,5,5.696126011866589,1.9603610271587968,35.58210399933159,11518.0,6.2073921779399495,0.0,5,6,6,7,9,12,17,20,36,36,36
GET,/login,1931,0,58,59.9056195723571,49.60720695089549,109.09343103412539,13.0,6.246208595936447,0.0,58,60,61,62,67,78,87,94,100,110,110
POST,/orders,1831,1831,72,69.28651349973553,20.66773804835975,119.39679610077292,227.0,5.922738445965631,5.922738445965631,72,74,76,77,80,84,90,94,120,120,120
,Aggregated,22543,1831,23,25.557111222866663,1.9603610271587968,119.39679610077292,3882.605953067471,72.91987590792094,5.922738445965631,23,26,29,34,60,71,77,82,96,110,120
