Type,Name,Request Count,Failure Count,Median Response Time,Average Response Time,Min Response Time,Max Response Time,Average Content Size,Requests/s,Failures/s,50%,66%,75%,80%,90%,95%,98%,99%,99.9%,99.99%,100%
GET,/,1907,0,4,6.147429551177145,1.8358428496867418,57.61410598643124,8649.0,6.163324385373071,0.0,4,5,6,7,9,19,31,44,56,58,58
GET,/basket.html,1816,0,4,4.906405296560278,1.997434999793768,48.50130109116435,23388.0,5.869217138876506,0.0,4,5,6,6,8,9,13,16,47,49,49
POST,/cart,11115,0,23,24.200101332714695,13.44710006378591,84.54015199095011,0.0,35.92309939350901,0.0,23,25,26,27,30,35,42,50,69,84,85
GET,/catalogue,1893,0,8,8.486536443400764,4.38187294639647,49.33146410621703,2795.0,6.118077116681292,0.0,8,8,9,9,11,15,21,28,39,49,49
GET,/category.html,1893,0,5,5.557851764539279,1.9677018281072378,41.46623914130032,11518.0,6.118077116681292,0.0,5,6,6,7,9,12,15,19,39,41,41
GET,/login,1906,0,56,58.237284035905645,39.329977007582784,108.55800285935402,13.0,6.160092437609372,0.0,56,58,59,60,63,78,91,95,110,110,110
POST,/orders,1807,1807,68,66.14607585685283,20.01024316996336,117.09301103837788,227.0,5.8401296090032195,5.8401296090032195,68,71,72,73,77,81,87,94,110,120,120
,Aggregated,22337,1807,22,24.476409357083398,1.8358428496867418,117.09301103837788,3872.3072480637506,72.19201719773376,5.8401296090032195,22,25,28,32,58,68,73,79,97,110,120
