Type,Name,Request Count,Failure Count,Median Response Time,Average Response Time,Min Response Time,Max Response Time,Average Content Size,Requests/s,Failures/s,50%,66%,75%,80%,90%,95%,98%,99%,99.9%,99.99%,100%
GET,/,1926,0,4,6.288810317121206,1.947206910699606,54.87119499593973,8649.0,6.231320808395456,0.0,4,5,6,7,9,21,31,43,54,55,55
GET,/basket.html,1831,0,4,4.979827215183976,2.0433200988918543,27.522031916305423,23388.0,5.923960747752896,0.0,4,5,6,6,8,9,11,13,23,28,28
POST,/cart,11129,0,25,26.072868150646773,14.277805108577013,93.3186849579215,0.0,36.006422262010915,0.0,25,27,28,29,33,37,43,49,75,86,93
GET,/catalogue,1913,0,8,8.973419613468277,4.758674884214997,46.60906782373786,2795.0,6.189261010623316,0.0,8,9,9,10,12,15,24,30,45,47,47
GET,/category.html,1913,0,5,5.65307106753598,1.9417819567024708,44.54257898032665,11518.0,6.189261010623316,0.0,5,6,6,7,9,11,16,19,42,45,45
GET,/login,1926,0,58,59.83319584529766,48.71809808537364,117.63184098526835,13.0,6.231320808395456,0.0,58,60,61,62,65,78,92,97,110,120,120
POST,/orders,1826,1826,71,68.5401337698402,21.999914897605777,122.25426104851067,227.0,5.90778390245592,5.90778390245592,71,74,75,76,79,84,90,95,120,120,120
,Aggregated,22464,1826,23,25.80879443041568,1.9417819567024708,122.25426104851067,3886.29411502849,72.67933055025728,5.90778390245592,23,27,30,34,60,71,76,81,99,120,120
