Type,Name,Request Count,Failure Count,Median Response Time,Average Response Time,Min Response Time,Max Response Time,Average Content Size,Requests/s,Failures/s,50%,66%,75%,80%,90%,95%,98%,99%,99.9%,99.99%,100%
GET,/,13648,0,460.0,484.69663021348293,45.381282921880484,1866.7592250276357,8649.0,44.1736227484221,0.0,460,520,570,610,720,800,930,1100,1800,1800,1900
GET,/basket.html,12793,0,480.0,489.9946511718915,50.22818595170975,1120.5075439065695,23388.0,41.40629805250322,0.0,480,540,580,610,700,770,840,900,1100,1100,1100
POST,/cart,78553,0,570.0,578.8006298381398,36.97988111525774,1179.4542542193085,0.0,254.24755185791332,0.0,570,650,690,730,790,850,910,960,1100,1200,1200
GET,/catalogue,13508,0,490.0,506.87900057135175,17.342539969831705,1153.0910530127585,2795.0,43.720493558447075,0.0,490,560,600,640,740,800,870,920,1100,1200,1200
GET,/category.html,13525,0,500.0,500.47670349292804,10.921297827735543,1105.3151600062847,11518.0,43.77551638865833,0.0,500,560,610,640,730,800,870,930,1100,1100,1100
GET,/login,13628,0,510.0,532.3333544613752,88.50269904360175,1142.431282903999,13.0,44.10889000699709,0.0,510,610,670,710,790,850,910,950,1100,1100,1100
POST,/orders,12663,12663,600.0,602.7479710203074,115.28023006394506,1193.8357930630445,227.0,40.9855352332407,40.9855352332407,600,680,720,750,820,880,950,1000,1100,1200,1200
,Aggregated,158318,12663,540.0,548.6001119478519,10.921297827735543,1866.7592250276357,3877.2073358683156,512.4179078461818,40.9855352332407,540,620,670,700,780,840,910,960,1100,1800,1900
