Type,Name,Request Count,Failure Count,Median Response Time,Average Response Time,Min Response Time,Max Response Time,Average Content Size,Requests/s,Failures/s,50%,66%,75%,80%,90%,95%,98%,99%,99.9%,99.99%,100%
GET,/adminlogin.html,6976,0,1000.0,1164.882496964769,1.319661270827055,8582.335908897221,2285.0,22.59450534326738,0.0,1000,1400,1400,1500,1600,4100,6700,7600,8400,8600,8600
POST,/api/v1/travelservice/trips/left,38080,38080,970.0,852.8687207825935,1.327733974903822,2506.564316805452,179.0,123.33697870866138,123.33697870866138,970,1300,1400,1400,1500,1500,1600,1600,2200,2500,2500
POST,/api/v1/users/login,13799,13799,920.0,819.8378206965958,1.3198410160839558,2537.8151647746563,179.0,44.69346032565174,44.69346032565174,920,1200,1400,1400,1500,1500,1600,1600,1900,2400,2500
GET,/api/v1/verifycode/generate,45091,0,950.0,838.5310844205708,2.971020992845297,2556.135651189834,1249.7918431616065,146.04484524559481,0.0,950,1300,1400,1400,1500,1500,1600,1600,1900,2400,2600
GET,/client_login.html,6931,0,920.0,820.5195966694956,1.1643259786069393,2343.985259067267,12241.0,22.448755237125315,0.0,920,1200,1400,1400,1500,1500,1600,1600,2100,2300,2300
GET,/index.html,38374,0,940.0,836.2792000853125,1.3009831309318542,2554.6096730977297,18128.0,124.28921273545619,0.0,940,1200,1400,1400,1500,1500,1600,1600,2200,2500,2600
,Aggregated,149251,51879,950.0,854.2991856015747,1.1643259786069393,8582.335908897221,5775.955323582421,483.40775759575683,168.03043903431313,950,1300,1400,1400,1500,1500,1600,1600,6600,8300,8600
