Type,Name,Request Count,Failure Count,Median Response Time,Average Response Time,Min Response Time,Max Response Time,Average Content Size,Requests/s,Failures/s,50%,66%,75%,80%,90%,95%,98%,99%,99.9%,99.99%,100%
GET,/,1896,0,4,6.017573103028692,1.8128568772226572,62.79705511406064,8649.0,6.125443144679178,0.0,4,5,6,6,9,18,30,46,62,63,63
GET,/basket.html,1811,0,4,4.575898943721944,1.8482881132513285,45.58870708569884,23388.0,5.8508320332352275,0.0,4,5,5,6,7,9,11,13,45,46,46
POST,/cart,11212,0,23,23.896931199836363,13.087723171338439,97.65209397301078,0.0,36.222820958936154,0.0,23,24,26,27,30,35,42,48,71,87,98
GET,/catalogue,1889,0,7,8.34191468659672,3.886826103553176,81.43044007010758,2795.0,6.10282811197203,0.0,7,8,9,9,12,15,19,23,81,81,81
GET,/category.html,1889,0,5,5.311700864879897,1.8464620225131512,43.907871935516596,11518.0,6.10282811197203,0.0,5,5,6,7,9,11,13,16,42,44,44
GET,/login,1896,0,56,58.16245586417305,48.501828918233514,107.90663585066795,13.0,6.125443144679178,0.0,56,58,59,60,64,77,89,96,110,110,110
POST,/orders,1796,1796,68,65.24112042353876,20.1377070043236,121.26942514441907,227.0,5.802371248862766,5.802371248862766,68,70,72,73,77,80,87,94,120,120,120
,Aggregated,22389,1796,21,24.157819133452822,1.8128568772226572,121.26942514441907,3851.1665996694805,72.33256675433655,5.802371248862766,21,24,27,31,58,68,73,78,100,120,120
