Type,Name,Request Count,Failure Count,Median Response Time,Average Response Time,Min Response Time,Max Response Time,Average Content Size,Requests/s,Failures/s,50%,66%,75%,80%,90%,95%,98%,99%,99.9%,99.99%,100%
GET,/,14219,0,390.0,414.06470795893114,17.60365115478635,1720.398688921705,8649.0,46.06115532785025,0.0,390,460,510,550,680,770,890,1300,1600,1700,1700
GET,/basket.html,13355,0,410.0,415.21857573960403,19.10126395523548,1021.3687208015472,23388.0,43.26230602738871,0.0,410,480,530,560,660,730,800,850,990,1000,1000
POST,/cart,81710,0,500.0,504.2935275146334,41.76282603293657,1126.2613111175597,0.0,264.6921022461948,0.0,500,580,640,670,750,810,870,930,1000,1100,1100
GET,/catalogue,14073,0,430.0,432.83431268416456,5.59321790933609,1044.1108010709286,2795.0,45.58820162661485,0.0,430,500,540,580,680,760,830,890,1000,1000,1000
GET,/category.html,14095,0,430.0,428.11041692160825,2.311596879735589,1053.1175560317934,11518.0,45.65946862269141,0.0,430,500,550,590,670,740,810,870,1000,1100,1100
GET,/login,14202,0,420.0,444.93613043352303,48.72404411435127,1064.5760449115187,13.0,46.006085376336536,0.0,420,510,590,640,730,790,850,890,1000,1100,1100
POST,/orders,13226,13226,520.0,527.9955240119491,43.39682497084141,1124.7229799628258,227.0,42.84442227766702,42.84442227766702,520,610,670,700,780,840,910,950,1000,1100,1100
,Aggregated,164880,13226,470.0,473.4740394748117,2.311596879735589,1720.398688921705,3882.787748665696,534.1137415047435,42.84442227766702,470,550,610,650,730,790,870,920,1100,1600,1700
