Type,Name,Request Count,Failure Count,Median Response Time,Average Response Time,Min Response Time,Max Response Time,Average Content Size,Requests/s,Failures/s,50%,66%,75%,80%,90%,95%,98%,99%,99.9%,99.99%,100%
GET,/,1930,0,4,6.16519041902294,1.8257559277117252,50.339220091700554,8649.0,6.244296478216316,0.0,4,5,6,7,9,19,31,37,49,50,50
GET,/basket.html,1842,0,4,4.683733601011862,1.966745825484395,36.035084864124656,23388.0,5.959582441903862,0.0,4,5,5,6,7,9,10,12,23,36,36
POST,/cart,11176,0,24,24.868077827217864,14.202877879142761,79.51570791192353,0.0,36.15868261168163,0.0,24,26,27,28,31,35,42,50,69,77,80
GET,/catalogue,1921,0,8,8.539309463852058,3.949942998588085,51.56035488471389,2795.0,6.215177997229815,0.0,8,8,9,9,12,15,22,27,43,52,52
GET,/category.html,1921,0,5,5.686950615089908,1.7220729496330023,39.927036967128515,11518.0,6.215177997229815,0.0,5,6,6,7,9,11,16,22,39,40,40
GET,/login,1930,0,56,58.116218687392234,48.94448397681117,105.1955169532448,13.0,6.244296478216316,0.0,56,58,59,60,64,76,88,91,100,110,110
POST,/orders,1830,1830,69,66.14869521521133,20.097740925848484,130.5072361137718,227.0,5.920757800588527,5.920757800588527,69,71,72,73,77,80,86,89,120,130,130
,Aggregated,22550,1830,22,24.789221841282316,1.7220729496330023,130.5072361137718,3889.5360975609756,72.95797180506628,5.920757800588527,22,25,29,33,58,68,74,78,93,120,130
