Type,Name,Request Count,Failure Count,Median Response Time,Average Response Time,Min Response Time,Max Response Time,Average Content Size,Requests/s,Failures/s,50%,66%,75%,80%,90%,95%,98%,99%,99.9%,99.99%,100%
GET,/,1922,0,4,6.196151800554452,2.031618030741811,62.34128284268081,8649.0,6.218610593704322,0.0,4,5,6,7,9,19,29,38,54,62,62
GET,/basket.html,1838,0,4,5.136411620473227,2.0494251511991024,78.63993290811777,23388.0,5.946829485550752,0.0,4,5,6,6,8,9,12,15,46,79,79
POST,/cart,11125,0,24,25.527374361819597,13.691216008737683,110.62972503714263,0.0,35.994819383434226,0.0,24,26,28,29,32,36,43,47,70,99,110
GET,/catalogue,1908,0,8,8.933293987412116,4.735951777547598,46.456190990284085,2795.0,6.173313742345394,0.0,8,9,9,10,12,16,21,26,36,46,46
GET,/category.html,1908,0,5,5.705471303845039,2.0061309915035963,44.09464308992028,11518.0,6.173313742345394,0.0,5,6,6,7,9,12,16,19,44,44,44
GET,/login,1921,0,58,59.75859018102315,50.681547028943896,115.23167905397713,13.0,6.2153751043215415,0.0,58,60,61,62,66,76,87,91,100,120,120
POST,/orders,1822,1822,71,69.37654488428642,21.398137090727687,124.69515507109463,227.0,5.895061655426262,5.895061655426262,71,74,75,76,81,84,90,96,110,120,120
,Aggregated,22444,1822,23,25.59583179410856,2.0061309915035963,124.69515507109463,3892.2782480841206,72.6173237071279,5.895061655426262,23,26,29,34,61,71,77,81,96,110,120
