Type,Name,Request Count,Failure Count,Median Response Time,Average Response Time,Min Response Time,Max Response Time,Average Content Size,Requests/s,Failures/s,50%,66%,75%,80%,90%,95%,98%,99%,99.9%,99.99%,100%
GET,/,13739,0,450.0,479.4631263237308,44.187748804688454,1889.4548858515918,8649.0,44.40798992343532,0.0,450,520,570,610,710,770,860,1200,1700,1900,1900
GET,/basket.html,12885,0,470.0,486.4658680035045,51.181883085519075,998.5349348280579,23388.0,41.64764176166126,0.0,470,530,570,610,690,750,800,840,940,1000,1000
POST,/cart,78632,0,570.0,575.651944607276,103.2505719922483,1094.002371886745,0.0,254.15889538245622,0.0,570,650,690,720,780,830,880,910,1000,1100,1100
GET,/catalogue,13588,0,490.0,503.3345811445228,11.25477091409266,972.5824510678649,2795.0,43.91991899553382,0.0,490,550,600,640,730,790,840,870,950,970,970
GET,/category.html,13609,0,480.0,489.6824666628711,16.212702030315995,1003.3989551011473,11518.0,43.987796409347936,0.0,480,550,590,620,700,770,820,850,940,980,1000
GET,/login,13690,0,520.0,536.3240117197136,87.18949696049094,1020.6868411041796,13.0,44.24960929120238,0.0,520,620,680,710,780,830,890,920,980,1000,1000
POST,/orders,12768,12768,600.0,598.8813150549338,128.07388114742935,1159.4017769675702,227.0,41.269467598982615,41.269467598982615,600,670,710,740,810,860,920,950,1000,1100,1200
,Aggregated,158911,12768,530.0,545.0366031213542,11.25477091409266,1889.4548858515918,3888.882575781412,513.6413193626196,41.269467598982615,530,610,660,700,770,820,870,910,1100,1700,1900
