Type,Name,Request Count,Failure Count,Median Response Time,Average Response Time,Min Response Time,Max Response Time,Average Content Size,Requests/s,Failures/s,50%,66%,75%,80%,90%,95%,98%,99%,99.9%,99.99%,100%
GET,/,1938,0,4,6.2298917212072755,1.9306398462504148,62.81117210164666,8649.0,6.269766311219292,0.0,4,5,6,7,9,18,31,43,63,63,63
GET,/basket.html,1851,0,4,4.827656983163938,2.0314028952270746,41.750137927010655,23388.0,5.988306213656816,0.0,4,5,6,6,8,9,11,12,22,42,42
POST,/cart,11197,0,23,23.910943691413213,12.463167076930404,85.95415786840022,0.0,36.22423807364418,0.0,23,25,26,27,30,34,41,47,71,85,86
GET,/catalogue,1930,0,8,8.517835412169637,4.3643321841955185,44.06308988109231,2795.0,6.243884922937685,0.0,8,9,9,10,12,15,21,23,38,44,44
GET,/category.html,1930,0,5,5.525773352402904,1.9992180168628693,65.44329808093607,11518.0,6.243884922937685,0.0,5,6,6,7,9,11,15,17,43,65,65
GET,/login,1937,0,56,58.110325043337305,48.724347027018666,120.33995310775936,13.0,6.266531137684091,0.0,56,58,59,60,64,74,88,94,120,120,120
POST,/orders,1838,1838,69,65.63120116912927,19.25481902435422,126.15991104394197,227.0,5.946248957699205,5.946248957699205,69,71,72,73,77,81,88,93,120,130,130
,Aggregated,22621,1838,21,24.27100358152685,1.9306398462504148,126.15991104394197,3895.470889881084,73.18286053977896,5.946248957699205,21,25,28,32,58,68,74,78,98,120,130
