Type,Name,Request Count,Failure Count,Median Response Time,Average Response Time,Min Response Time,Max Response Time,Average Content Size,Requests/s,Failures/s,50%,66%,75%,80%,90%,95%,98%,99%,99.9%,99.99%,100%
GET,/,13811,0,450.0,460.53765497840544,16.886817989870906,1217.6255518570542,8649.0,44.675271705938336,0.0,450,500,560,600,700,770,850,900,1200,1200,1200
GET,/basket.html,12952,0,470.0,474.469739598919,22.316121961921453,1055.3574280347675,23388.0,41.89661278222528,0.0,470,520,570,610,700,760,830,860,1000,1100,1100
POST,/cart,79092,0,560.0,567.9184671294308,40.948862209916115,1126.8378591630608,0.0,255.84364562783833,0.0,560,650,700,730,790,840,890,940,1100,1100,1100
GET,/catalogue,13624,0,480.0,490.29009499509465,19.627044908702374,1071.3414628989995,2795.0,44.070371567714425,0.0,480,550,600,640,720,790,860,890,1100,1100,1100
GET,/category.html,13630,0,480.0,482.6083281019194,23.86453910730779,1100.6146320141852,11518.0,44.08978012829915,0.0,480,550,600,630,710,780,840,880,1000,1100,1100
GET,/login,13800,0,500.0,519.1244914570648,63.53589612990618,1148.8169331569225,13.0,44.63968934486634,0.0,500,600,680,720,790,840,900,940,1100,1100,1100
POST,/orders,12813,12813,580.0,588.94256839163,77.16064201667905,1189.8115950170904,227.0,41.44698112867916,41.44698112867916,580,670,720,750,820,860,920,980,1100,1200,1200
,Aggregated,159722,12813,520.0,534.6247098054336,16.886817989870906,1217.6255518570542,3885.06333504464,516.662352285561,41.44698112867916,520,610,670,700,780,830,890,930,1100,1200,1200
