Type,Name,Request Count,Failure Count,Median Response Time,Average Response Time,Min Response Time,Max Response Time,Average Content Size,Requests/s,Failures/s,50%,66%,75%,80%,90%,95%,98%,99%,99.9%,99.99%,100%
GET,/,14213,0,400.0,421.3909112631057,18.382268957793713,1324.1739941295236,8649.0,45.88858372463418,0.0,400,470,530,560,660,740,840,930,1300,1300,1300
GET,/basket.html,13361,0,420.0,433.67658163227844,21.251667058095336,971.2150290142745,23388.0,43.13778703615262,0.0,420,490,540,570,650,720,810,840,930,960,970
POST,/cart,81404,0,510.0,512.9705745472851,42.702398961409926,1083.6455128155649,0.0,262.82377186520233,0.0,510,590,630,660,730,800,870,910,1000,1100,1100
GET,/catalogue,14063,0,440.0,448.2253138023448,25.2337041310966,981.3674129545689,2795.0,45.404288533000106,0.0,440,510,560,590,680,750,830,870,970,980,980
GET,/category.html,14105,0,430.0,443.21453792417077,30.460620066151023,1017.9698560386896,11518.0,45.53989118665764,0.0,430,510,570,600,680,750,820,860,940,990,1000
GET,/login,14195,0,440.0,458.27065196635243,58.10677190311253,1033.295574132353,13.0,45.83046830163809,0.0,440,520,590,630,720,780,860,900,1000,1000,1000
POST,/orders,13268,13268,520.0,529.9519442833911,47.80646483413875,1094.3865170702338,227.0,42.8375240173395,42.8375240173395,520,600,650,680,750,820,880,930,1000,1100,1100
,Aggregated,164609,13268,470.0,483.7701852648062,18.382268957793713,1324.1739941295236,3890.304606673997,531.4623146646245,42.8375240173395,470,560,610,640,720,780,860,900,1000,1300,1300
