Type,Name,Request Count,Failure Count,Median Response Time,Average Response Time,Min Response Time,Max Response Time,Average Content Size,Requests/s,Failures/s,50%,66%,75%,80%,90%,95%,98%,99%,99.9%,99.99%,100%
GET,/,1934,0,4,5.980314613216881,1.67698017321527,64.2205469775945,8649.0,6.251764139420369,0.0,4,5,6,6,9,20,30,41,64,64,64
GET,/basket.html,1849,0,4,4.577952690206955,1.8960509914904833,36.3540870603174,23388.0,5.9769968427033415,0.0,4,5,5,6,7,9,11,14,27,36,36
POST,/cart,11180,0,24,25.098081452901972,13.808995019644499,79.35376092791557,0.0,36.139980909369044,0.0,24,26,27,28,31,35,42,48,71,79,79
GET,/catalogue,1924,0,7,8.273579309846463,4.113148897886276,45.28195387683809,2795.0,6.219438575100718,0.0,7,8,9,9,12,15,21,25,44,45,45
GET,/category.html,1924,0,4,5.275035852550872,1.843743957579136,30.842171981930733,11518.0,6.219438575100718,0.0,4,5,6,7,9,11,15,19,30,31,31
GET,/login,1934,0,56,57.750243519990484,48.89706685207784,132.9561381135136,13.0,6.251764139420369,0.0,56,57,59,60,63,76,87,90,100,130,130
POST,/orders,1834,1834,68,65.01426397695337,18.683468224480748,133.44149896875024,227.0,5.928508496223865,5.928508496223865,68,70,72,73,77,80,87,92,110,130,130
,Aggregated,22579,1834,22,24.696389578964734,1.67698017321527,133.44149896875024,3895.2677266486558,72.98789167733842,5.928508496223865,22,26,29,33,58,68,73,78,94,110,130
