Type,Name,Request Count,Failure Count,Median Response Time,Average Response Time,Min Response Time,Max Response Time,Average Content Size,Requests/s,Failures/s,50%,66%,75%,80%,90%,95%,98%,99%,99.9%,99.99%,100%
GET,/,1892,0,4,6.109866476445469,1.9545170944184065,54.77080796845257,8649.0,6.11493725836938,0.0,4,5,6,7,9,20,30,43,53,55,55
GET,/basket.html,1807,0,4,4.819194940354326,1.9893709104508162,47.957201953977346,23388.0,5.8402175612439065,0.0,4,5,6,6,8,9,11,14,21,48,48
POST,/cart,11153,0,24,24.842023244499224,12.634224025532603,85.99691302515566,0.0,36.046456259299,0.0,24,25,27,28,31,35,43,50,67,85,86
GET,/catalogue,1881,0,8,8.44903192869083,4.065015120431781,52.59482306428254,2795.0,6.079385297564908,0.0,8,8,9,10,12,14,19,24,44,53,53
GET,/category.html,1881,0,5,5.470255873171471,1.91848399117589,66.72064890153706,11518.0,6.079385297564908,0.0,5,5,6,7,9,11,14,20,42,67,67
GET,/login,1891,0,56,58.39009322560949,48.474773997440934,107.4540710542351,13.0,6.11170526193261,0.0,56,58,59,60,64,75,91,96,110,110,110
POST,/orders,1792,1792,69,65.83001703633532,19.661069149151444,136.63609907962382,227.0,5.7917376146923525,5.7917376146923525,69,71,72,73,77,82,88,92,130,140,140
,Aggregated,22297,1792,22,24.752050726581977,1.91848399117589,136.63609907962382,3856.130600529219,72.06382455066706,5.7917376146923525,22,25,28,32,58,68,73,79,98,130,140
