Type,Name,Request Count,Failure Count,Median Response Time,Average Response Time,Min Response Time,Max Response Time,Average Content Size,Requests/s,Failures/s,50%,66%,75%,80%,90%,95%,98%,99%,99.9%,99.99%,100%
GET,/,13669,0,450.0,478.4468555330633,37.9862179979682,1834.9409399088472,8649.0,44.206747182822454,0.0,450,510,570,620,730,790,870,1100,1800,1800,1800
GET,/basket.html,12828,0,470.0,483.6279002310963,22.86947821266949,1001.8704221583903,23388.0,41.48687927875093,0.0,470,530,570,600,700,760,820,850,930,990,1000
POST,/cart,78803,0,570.0,573.9701585610028,53.03835589438677,1108.1508530769497,0.0,254.85582692574133,0.0,570,650,690,720,790,840,890,920,1000,1100,1100
GET,/catalogue,13505,0,490.0,498.36688083920643,24.29639920592308,1005.6607478763908,2795.0,43.676356771089125,0.0,490,550,600,630,740,800,850,890,950,990,1000
GET,/category.html,13550,0,480.0,487.9727425622819,43.020273093134165,1008.1443130038679,11518.0,43.82189072552815,0.0,480,550,590,630,710,780,830,860,950,1000,1000
GET,/login,13654,0,510.0,532.5387793090786,89.38138489611447,1118.262279080227,13.0,44.158235864676115,0.0,510,620,680,710,790,840,890,910,1000,1100,1100
POST,/orders,12721,12721,590.0,595.9367285664955,61.546677025035024,1432.096733013168,227.0,41.140831875973696,41.140831875973696,590,670,710,740,810,850,910,960,1200,1400,1400
,Aggregated,158730,12721,530.0,542.8659370110399,22.86947821266949,1834.9409399088472,3875.291305991306,513.3467686245818,41.140831875973696,530,610,670,700,780,830,880,920,1100,1800,1800
