Type,Name,Request Count,Failure Count,Median Response Time,Average Response Time,Min Response Time,Max Response Time,Average Content Size,Requests/s,Failures/s,50%,66%,75%,80%,90%,95%,98%,99%,99.9%,99.99%,100%
GET,/,13947,0,450.0,465.03696929011824,38.13976189121604,1734.9598659202456,8649.0,44.958313671326096,0.0,450,510,560,610,710,800,880,1000,1600,1700,1700
GET,/basket.html,13091,0,470.0,473.70060530293614,6.0619330033659935,1023.4207899775356,23388.0,42.19898790215315,0.0,470,530,580,610,690,760,830,870,950,1000,1000
POST,/cart,79924,0,550.0,550.3904366048102,35.30381410382688,1116.6036750655621,0.0,257.63592613946133,0.0,550,630,670,700,780,830,890,920,1000,1100,1100
GET,/catalogue,13782,0,480.0,486.76515476377904,13.33266100846231,1069.5389180909842,2795.0,44.42643428824954,0.0,480,550,600,630,720,790,850,880,1000,1100,1100
GET,/category.html,13802,0,480.0,483.4117907439984,20.795057993382215,1012.1620658319443,11518.0,44.49090451650124,0.0,480,550,600,630,710,780,840,870,940,1000,1000
GET,/login,13910,0,490.0,504.470075836213,51.46089801564813,1063.751201145351,13.0,44.839043749060444,0.0,490,580,650,690,780,830,880,920,1000,1100,1100
POST,/orders,12976,12976,570.0,572.2581136211423,75.96220495179296,1116.2944429088384,227.0,41.828284089705846,41.828284089705846,570,650,700,720,790,850,910,930,1000,1100,1100
,Aggregated,161432,12976,520.0,523.4398225007803,6.0619330033659935,1734.9598659202456,3886.580225729719,520.3778943564577,41.828284089705846,520,600,650,680,760,820,880,910,1100,1600,1700
