Type,Name,Request Count,Failure Count,Median Response Time,Average Response Time,Min Response Time,Max Response Time,Average Content Size,Requests/s,Failures/s,50%,66%,75%,80%,90%,95%,98%,99%,99.9%,99.99%,100%
GET,/,1141,0,20,28.90070327671896,1.99432997033,278.7701908964664,8649.0,6.095242077716685,0.0,20,30,39,45,65,80,100,130,240,280,280
GET,/basket.html,1054,0,20,29.867720637343243,2.1346178837120533,166.19054996408522,23388.0,5.630486546812784,0.0,20,33,43,51,71,89,110,130,170,170,170
POST,/cart,6435,0,72,94.44549909713965,14.068409102037549,497.4057669751346,0.0,34.37588323409892,0.0,72,100,130,150,190,250,300,340,450,500,500
GET,/catalogue,1131,0,34,50.83913296571448,4.186635836958885,373.870745068416,2795.0,6.041821901750719,0.0,34,54,70,82,120,150,210,270,340,370,370
GET,/category.html,1131,0,23,34.090135876454944,1.9945141393691301,215.09821200743318,11518.0,6.041821901750719,0.0,23,36,45,52,77,110,140,170,200,220,220
GET,/login,1140,0,82,102.05802484517591,49.47743215598166,490.2514920104295,13.0,6.0899000601200886,0.0,82,100,120,130,180,220,260,370,410,490,490
POST,/orders,1041,1041,120.0,148.3783924027984,20.244042156264186,652.2853539790958,227.0,5.561040318057028,5.561040318057028,120,160,190,210,280,320,390,470,600,650,650
,Aggregated,13073,1041,59,79.48260724821364,1.99432997033,652.2853539790958,3898.002830260843,69.83619604030694,5.561040318057028,59,85,110,130,180,230,290,340,470,600,650
