Type,Name,Request Count,Failure Count,Median Response Time,Average Response Time,Min Response Time,Max Response Time,Average Content Size,Requests/s,Failures/s,50%,66%,75%,80%,90%,95%,98%,99%,99.9%,99.99%,100%
GET,/,1923,0,4,6.268367588518113,1.7699238378554583,80.93287516385317,8649.0,6.220089957978652,0.0,4,5,6,7,9,19,30,45,80,81,81
GET,/basket.html,1837,0,4,4.79460703173554,1.9254579674452543,45.144497184082866,23388.0,5.941916408115852,0.0,4,5,6,6,8,9,11,12,23,45,45
POST,/cart,11172,1,24,25.406509957089053,14.697688864544034,98.4934400767088,0.005728607232366631,36.13668487287441,0.003234576161195347,24,26,27,28,32,36,44,55,82,92,98
GET,/catalogue,1913,0,8,8.427048668214711,4.277402069419622,69.47054900228977,2795.0,6.187744196366698,0.0,8,8,9,9,11,14,20,27,45,69,69
GET,/category.html,1913,0,5,5.4083705729558105,1.8316600471735,49.97989092953503,11518.0,6.187744196366698,0.0,5,5,6,7,9,10,14,18,49,50,50
GET,/login,1922,0,56,58.12672761467098,48.82199922576547,102.01547504402697,13.0,6.216855381817457,0.0,56,58,59,60,64,76,85,91,100,100,100
POST,/orders,1823,1823,69,65.8620560879692,20.70084889419377,127.72746407426894,227.0,5.896632341859117,5.896632341859117,69,71,73,74,77,82,88,95,120,130,130
,Aggregated,22503,1824,23,25.016955470947966,1.7699238378554583,127.72746407426894,3884.611962849398,72.78766735537889,5.8998669180203125,23,26,29,33,59,69,74,79,97,120,130
