Type,Name,Request Count,Failure Count,Median Response Time,Average Response Time,Min Response Time,Max Response Time,Average Content Size,Requests/s,Failures/s,50%,66%,75%,80%,90%,95%,98%,99%,99.9%,99.99%,100%
GET,/,1921,0,4,6.220284334656854,1.815154915675521,50.651879981160164,8649.0,6.214112477662034,0.0,4,5,6,7,9,20,31,42,50,51,51
GET,/basket.html,1830,0,4,4.616272359414667,2.0371810533106327,42.20432788133621,23388.0,5.919742755919584,0.0,4,5,5,6,7,8,10,12,18,42,42
POST,/cart,11132,0,24,24.982155875579437,13.391158077865839,103.76022499985993,0.0,36.01015101579061,0.0,24,26,27,28,31,34,41,48,84,100,100
GET,/catalogue,1915,0,8,8.414776043908052,4.15110494941473,55.94742298126221,2795.0,6.194703485019675,0.0,8,8,9,9,12,14,21,24,54,56,56
GET,/category.html,1915,0,5,5.4446217449571614,1.9335979595780373,82.28231919929385,11518.0,6.194703485019675,0.0,5,5,6,7,9,11,15,19,36,82,82
GET,/login,1921,0,56,58.16757777329575,25.85592307150364,105.34697095863521,13.0,6.214112477662034,0.0,56,58,59,60,63,74,92,96,100,110,110
POST,/orders,1821,1821,69,65.53056873450181,19.540634006261826,117.31700017116964,227.0,5.890629266956045,5.890629266956045,69,71,72,73,76,80,85,91,110,120,120
,Aggregated,22455,1821,22,24.765536992440918,1.815154915675521,117.31700017116964,3886.1057225562236,72.63815496402965,5.890629266956045,22,26,29,32,58,68,74,78,100,110,120
