Type,Name,Request Count,Failure Count,Median Response Time,Average Response Time,Min Response Time,Max Response Time,Average Content Size,Requests/s,Failures/s,50%,66%,75%,80%,90%,95%,98%,99%,99.9%,99.99%,100%
GET,/,13881,0,440.0,456.86695284626995,19.37742088921368,1318.4947648551315,8649.0,44.85979224706761,0.0,440,510,560,600,710,780,870,950,1300,1300,1300
GET,/basket.html,13005,0,460.0,468.5677400313215,23.224931210279465,1120.2195941004902,23388.0,42.02878741971863,0.0,460,520,570,600,700,760,830,880,960,1100,1100
POST,/cart,79561,1,550.0,555.2352816088286,54.850961081683636,1112.130724824965,0.0008044142230489812,257.1205194848315,0.003231740670489706,550,630,680,720,790,840,910,950,1000,1100,1100
GET,/catalogue,13717,0,480.0,482.7974106364145,17.43990182876587,1152.5488530751318,2795.0,44.3297867771073,0.0,480,540,590,620,730,790,870,900,1000,1000,1200
GET,/category.html,13730,0,480.0,474.4645616960612,25.377762969583273,1029.3144728057086,11518.0,44.371799405823666,0.0,480,540,590,620,710,770,840,890,990,1000,1000
GET,/login,13859,0,490.0,508.9579959460243,71.08801696449518,1161.753720138222,13.0,44.78869395231684,0.0,490,590,660,700,790,840,910,970,1100,1200,1200
POST,/orders,12890,12890,570.0,572.5209148312233,69.9043651111424,1122.1080829855055,227.0,41.657137242612315,41.657137242612315,570,650,700,730,800,850,920,970,1100,1100,1100
,Aggregated,160643,12891,520.0,524.0249612085344,17.43990182876587,1318.4947648551315,3883.1765156278207,519.1565165294779,41.6603689832828,520,600,660,690,770,830,900,940,1100,1300,1300
