Type,Name,Request Count,Failure Count,Median Response Time,Average Response Time,Min Response Time,Max Response Time,Average Content Size,Requests/s,Failures/s,50%,66%,75%,80%,90%,95%,98%,99%,99.9%,99.99%,100%
GET,/,13969,0,420.0,437.0576904905992,20.75070096179843,1506.4502970781177,8649.0,45.10616095939923,0.0,420,480,520,550,650,720,790,860,1400,1400,1500
GET,/basket.html,13127,0,440.0,449.5939575126307,15.831846045330167,985.3173331357539,23388.0,42.3873272900017,0.0,440,500,540,560,630,710,770,800,890,980,990
POST,/cart,80516,0,540.0,538.0374740987888,49.180490896105766,1044.5877308957279,0.0,259.98766238148676,0.0,540,600,650,670,740,790,850,880,980,1000,1000
GET,/catalogue,13833,0,460.0,466.81966650550385,9.61087504401803,960.1304470561445,2795.0,44.66701442847516,0.0,460,520,550,580,670,750,810,840,920,960,960
GET,/category.html,13870,0,460.0,458.3610714883755,20.404306007549167,926.7447569873184,11518.0,44.78648811703539,0.0,460,520,550,580,660,720,790,820,900,920,930
GET,/login,13958,0,470.0,493.99034177861375,55.86366401985288,993.2621889747679,13.0,45.07064175469214,0.0,470,560,620,660,740,790,840,870,990,990,990
POST,/orders,13008,13008,560.0,559.6065358238021,55.40937511250377,1197.1524611581117,227.0,42.00307407544314,42.00307407544314,560,630,670,700,760,810,870,910,1000,1200,1200
,Aggregated,162281,13008,500.0,507.250802867409,9.61087504401803,1506.4502970781177,3878.361126687659,524.0083690065335,42.00307407544314,500,570,620,650,720,780,830,870,990,1400,1500
