Type,Name,Request Count,Failure Count,Median Response Time,Average Response Time,Min Response Time,Max Response Time,Average Content Size,Requests/s,Failures/s,50%,66%,75%,80%,90%,95%,98%,99%,99.9%,99.99%,100%
GET,/,13826,0,440.0,475.9312546906639,28.44696887768805,1726.8011288251728,8649.0,44.63370573035046,0.0,440,510,570,610,710,790,910,1300,1600,1700,1700
GET,/basket.html,12992,0,460.0,474.81923850504194,19.2512939684093,1072.5779000204057,23388.0,41.94134998182505,0.0,460,520,570,590,690,760,820,850,920,950,1100
POST,/cart,79441,0,560.0,560.6615021991422,42.02500102110207,1109.4598399940878,0.0,256.454955657802,0.0,560,640,680,710,770,830,880,910,1000,1100,1100
GET,/catalogue,13685,0,480.0,488.1787326344441,22.94260007329285,1071.5517189819366,2795.0,44.17852328365731,0.0,480,540,580,620,720,790,850,880,970,1000,1100
GET,/category.html,13703,0,480.0,482.3560026207331,15.297970036044717,1067.71936500445,11518.0,44.2366316811075,0.0,480,540,590,620,700,770,820,860,940,1100,1100
GET,/login,13813,0,500.0,517.7431482179021,60.24531298317015,1087.992510991171,13.0,44.591738554414206,0.0,500,590,660,690,770,830,880,910,990,1100,1100
POST,/orders,12866,12866,590.0,585.9323803960267,109.57004292868078,1105.9897569939494,227.0,41.53459119967373,41.53459119967373,590,660,700,730,790,840,900,940,1100,1100,1100
,Aggregated,160326,12866,520.0,531.8490440897536,15.297970036044717,1726.8011288251728,3883.4552723825204,517.5714960888303,41.53459119967373,520,600,650,690,760,820,870,910,1100,1500,1700
