Type,Name,Request Count,Failure Count,Median Response Time,Average Response Time,Min Response Time,Max Response Time,Average Content Size,Requests/s,Failures/s,50%,66%,75%,80%,90%,95%,98%,99%,99.9%,99.99%,100%
GET,/,14033,0,430.0,437.94683356094964,9.075389942154288,1779.9774380400777,8649.0,45.30791494087215,0.0,430,490,540,570,680,760,840,910,1700,1700,1800
GET,/basket.html,13175,0,440.0,446.626095646653,18.127933144569397,979.6434189192951,23388.0,42.53771676377044,0.0,440,510,550,570,660,740,800,830,920,970,980
POST,/cart,80601,0,530.0,528.836156443927,29.833047185093164,1167.739863973111,0.0,260.23396651815267,0.0,530,600,650,690,760,820,870,910,1000,1100,1200
GET,/catalogue,13852,0,470.0,466.2976751059522,20.09244402870536,966.4401169866323,2795.0,44.723525814933446,0.0,470,530,570,600,700,780,830,870,950,970,970
GET,/category.html,13896,0,460.0,457.2253070435283,15.46883606351912,968.6819522175938,11518.0,44.86558725991302,0.0,460,530,570,600,690,750,810,850,950,970,970
GET,/login,14009,0,470.0,487.9077469176133,45.79464998096228,1146.3814349845052,13.0,45.230426879974196,0.0,470,560,630,670,770,820,880,910,1100,1100,1100
POST,/orders,13073,13073,550.0,550.5466870019998,47.910837922245264,1051.2506600935012,227.0,42.20839250495415,42.20839250495415,550,630,680,700,780,830,880,920,990,1000,1100
,Aggregated,162639,13073,500.0,501.1091097401887,9.075389942154288,1779.9774380400777,3882.392740978486,525.1075306825701,42.20839250495415,500,570,630,660,750,810,860,900,1000,1700,1800
