Type,Name,Request Count,Failure Count,Median Response Time,Average Response Time,Min Response Time,Max Response Time,Average Content Size,Requests/s,Failures/s,50%,66%,75%,80%,90%,95%,98%,99%,99.9%,99.99%,100%
GET,/,13795,0,450.0,464.6072918512049,13.073282083496451,1591.092417947948,8649.0,44.54952806060791,0.0,450,500,550,590,700,770,830,880,1400,1600,1600
GET,/basket.html,12936,0,470.0,480.10892535984385,7.13693187572062,1045.2810830902308,23388.0,41.77547625893613,0.0,470,520,570,600,690,750,810,850,1000,1000,1000
POST,/cart,79006,0,560.0,571.2029770780573,28.93464593216777,1092.8282199893147,0.0,255.14171902547218,0.0,560,640,690,720,790,830,890,930,1000,1100,1100
GET,/catalogue,13633,0,490.0,496.09415193798407,20.408048992976546,1063.7573171406984,2795.0,44.02636578834851,0.0,490,550,590,630,730,790,850,880,980,1000,1100
GET,/category.html,13675,0,480.0,480.46544732158185,16.8697249609977,1053.3654941245914,11518.0,44.16200045152687,0.0,480,540,580,610,700,760,830,860,960,1000,1100
GET,/login,13771,0,510.0,527.5696533949274,61.66449491865933,1062.2898030560464,13.0,44.472022538791705,0.0,510,610,670,700,780,830,880,910,1000,1100,1100
POST,/orders,12846,12846,580.0,589.8357930155081,48.49895997904241,1216.3792320061475,227.0,41.48483055212535,41.48483055212535,580,660,700,730,800,860,920,960,1100,1100,1200
,Aggregated,159662,12846,530.0,538.1632318024488,7.13693187572062,1591.092417947948,3886.761239368165,515.6119426758087,41.48483055212535,530,600,660,690,770,820,880,920,1000,1400,1600
