Type,Name,Request Count,Failure Count,Median Response Time,Average Response Time,Min Response Time,Max Response Time,Average Content Size,Requests/s,Failures/s,50%,66%,75%,80%,90%,95%,98%,99%,99.9%,99.99%,100%
GET,/,1924,0,4,5.62297907515609,1.7350849229842424,51.88845098018646,8649.0,6.219575494813306,0.0,4,5,5,6,9,16,27,31,47,52,52
GET,/basket.html,1836,0,4,4.504087563296719,1.8654630985110998,19.241383066400886,23388.0,5.935104266360306,0.0,4,5,5,6,7,8,10,13,19,19,19
POST,/cart,11237,0,22,23.349246507008456,12.488795910030603,82.04158302396536,0.0,36.32503629689039,0.0,22,24,25,26,29,33,42,52,72,80,82
GET,/catalogue,1904,0,7,8.179529264575152,4.002514993771911,41.05432191863656,2795.0,6.15492294289217,0.0,7,8,9,9,11,14,21,26,40,41,41
GET,/category.html,1904,0,5,5.27723365318531,1.7624751199036837,36.57519700936973,11518.0,6.15492294289217,0.0,5,5,6,7,9,11,14,17,33,37,37
GET,/login,1924,0,56,57.74980454401669,47.92692279443145,104.19576894491911,13.0,6.219575494813306,0.0,56,57,59,60,63,73,88,92,100,100,100
POST,/orders,1824,1824,68,64.86371201473256,18.405631883069873,132.87690794095397,227.0,5.8963127352076246,5.8963127352076246,68,70,72,73,76,79,84,90,130,130,130
,Aggregated,22553,1824,21,23.788733683281308,1.7350849229842424,132.87690794095397,3869.642885647142,72.90545017386927,5.8963127352076246,21,24,27,30,58,68,73,77,96,120,130
