Type,Name,Request Count,Failure Count,Median Response Time,Average Response Time,Min Response Time,Max Response Time,Average Content Size,Requests/s,Failures/s,50%,66%,75%,80%,90%,95%,98%,99%,99.9%,99.99%,100%
GET,/,13680,0,460.0,494.7692543646043,5.609412910416722,2559.043529210612,8649.0,44.19304131386322,0.0,460,530,580,630,750,820,930,1500,2300,2400,2600
GET,/basket.html,12840,0,480.0,489.4517434964927,2.976784948259592,1042.8792850580066,23388.0,41.479433513889155,0.0,480,540,580,620,720,780,860,900,990,1000,1000
POST,/cart,78385,0,570.0,574.3183507970065,30.08568100631237,1115.5257460195571,0.0,253.2216040487696,0.0,570,650,700,730,810,860,920,960,1100,1100,1100
GET,/catalogue,13524,0,500.0,511.633241935326,17.316112061962485,1084.6880208700895,2795.0,43.68908557958232,0.0,500,560,620,660,770,830,890,930,1000,1000,1100
GET,/category.html,13546,0,490.0,502.70211725951174,20.657956833019853,1101.1226640548557,11518.0,43.76015626005783,0.0,490,560,610,650,750,800,880,920,1000,1100,1100
GET,/login,13664,0,520.0,536.0212002027387,45.72292813099921,1117.2908951994032,13.0,44.14135354624466,0.0,520,620,690,740,810,860,920,950,1000,1100,1100
POST,/orders,12710,12710,590.0,596.9035366420209,51.80294206365943,1107.4075270444155,227.0,41.05947040198841,41.05947040198841,590,670,720,750,820,880,940,970,1100,1100,1100
,Aggregated,158349,12710,530.0,547.5924457246061,2.976784948259592,2559.043529210612,3887.018231880214,511.5441446643952,41.05947040198841,530,620,670,710,790,850,910,950,1400,2300,2600
