Type,Name,Request Count,Failure Count,Median Response Time,Average Response Time,Min Response Time,Max Response Time,Average Content Size,Requests/s,Failures/s,50%,66%,75%,80%,90%,95%,98%,99%,99.9%,99.99%,100%
GET,/,1895,0,4,6.059635039984118,1.8948700744658709,56.223960127681494,8649.0,6.130609564973707,0.0,4,5,6,7,10,19,28,44,53,56,56
GET,/basket.html,1812,0,4,4.666101642078401,1.9047597888857126,19.557944033294916,23388.0,5.862092101178025,0.0,4,5,5,6,7,9,11,12,19,20,20
POST,/cart,11186,0,24,24.855036110806715,13.654688140377402,82.77152688242495,0.0,36.18838975925904,0.0,24,26,27,28,31,35,41,51,76,80,83
GET,/catalogue,1887,0,8,8.544442672766133,4.362677922472358,45.1318749692291,2795.0,6.104728363644003,0.0,8,8,9,10,12,15,19,24,41,45,45
GET,/category.html,1887,0,5,5.649435256914323,1.9996159244328737,47.42713994346559,11518.0,6.104728363644003,0.0,5,6,7,7,9,11,15,19,43,47,47
GET,/login,1895,0,56,58.488425616012755,49.47976814582944,107.31703788042068,13.0,6.130609564973707,0.0,56,58,59,60,64,78,91,95,100,110,110
POST,/orders,1795,1795,69,66.09191906101441,19.350785994902253,132.51589215360582,227.0,5.807094548352403,5.807094548352403,69,71,72,73,77,81,86,93,110,130,130
,Aggregated,22357,1795,22,24.789588380456767,1.8948700744658709,132.51589215360582,3856.0469651563267,72.32825226602489,5.807094548352403,22,25,28,32,59,68,74,79,97,110,130
