Type,Name,Request Count,Failure Count,Median Response Time,Average Response Time,Min Response Time,Max Response Time,Average Content Size,Requests/s,Failures/s,50%,66%,75%,80%,90%,95%,98%,99%,99.9%,99.99%,100%
GET,/,1928,0,4,5.8895148320222095,1.9007381051778793,67.17351404950023,8649.0,6.209550697749146,0.0,4,5,6,6,9,18,27,38,67,67,67
GET,/basket.html,1840,0,4,4.730579280294478,1.7996309325098991,43.71532495133579,23388.0,5.926127221918272,0.0,4,5,5,6,7,9,12,14,43,44,44
POST,/cart,11188,0,23,24.305029191831103,13.450002996250987,97.96738508157432,0.0,36.0334300863161,0.0,23,25,26,27,30,34,42,52,76,97,98
GET,/catalogue,1917,0,7,8.442403181190285,3.973349928855896,73.79189901985228,2795.0,6.174122763270287,0.0,7,8,9,9,11,15,23,30,62,74,74
GET,/category.html,1917,0,5,5.341164046902371,1.9385318737477064,59.407672844827175,11518.0,6.174122763270287,0.0,5,5,6,7,9,11,14,17,46,59,59
GET,/login,1928,0,56,57.80503579163711,48.27828495763242,123.97673889063299,13.0,6.209550697749146,0.0,56,57,59,60,64,74,86,91,100,120,120
POST,/orders,1828,1828,68,65.29897182040666,19.91410506889224,123.95081901922822,227.0,5.887478566123153,5.887478566123153,68,70,72,73,76,80,86,90,120,120,120
,Aggregated,22546,1828,22,24.360048121188697,1.7996309325098991,123.97673889063299,3884.8236050740707,72.61438279639638,5.887478566123153,22,25,28,32,58,68,73,78,95,120,120
