Type,Name,Request Count,Failure Count,Median Response Time,Average Response Time,Min Response Time,Max Response Time,Average Content Size,Requests/s,Failures/s,50%,66%,75%,80%,90%,95%,98%,99%,99.9%,99.99%,100%
GET,/,1932,0,4,6.083433664433743,1.847107894718647,59.28828683681786,8649.0,6.2511017602132695,0.0,4,5,6,7,9,17,29,41,59,59,59
GET,/basket.html,1841,0,4,4.813095484645243,2.011343138292432,45.413881074637175,23388.0,5.956665807739456,0.0,4,5,5,6,8,9,11,12,45,45,45
POST,/cart,11230,0,24,24.83648672631095,13.688866049051285,83.1339389551431,0.0,36.335337871218954,0.0,24,25,27,28,32,35,42,50,67,73,83
GET,/catalogue,1921,0,8,8.680065948237848,4.037003964185715,55.61040109023452,2795.0,6.215510601123029,0.0,8,9,9,10,12,16,20,23,41,56,56
GET,/category.html,1921,0,5,5.473321635578602,1.8685809336602688,44.64760981500149,11518.0,6.215510601123029,0.0,5,6,6,7,9,12,15,17,40,45,45
GET,/login,1931,0,56,58.116917081340254,48.38445596396923,100.99142882972956,13.0,6.247866200295975,0.0,56,58,59,60,64,75,87,91,99,100,100
POST,/orders,1832,1832,69,66.13758436529226,20.37261496298015,127.88028409704566,227.0,5.927545768483804,5.927545768483804,69,71,73,74,77,80,85,91,110,130,130
,Aggregated,22608,1832,22,24.774607552777102,1.847107894718647,127.88028409704566,3879.308917197452,73.14953861019751,5.927545768483804,22,25,29,33,59,68,74,78,94,110,130
