Type,Name,Request Count,Failure Count,Median Response Time,Average Response Time,Min Response Time,Max Response Time,Average Content Size,Requests/s,Failures/s,50%,66%,75%,80%,90%,95%,98%,99%,99.9%,99.99%,100%
GET,/,13828,0,450.0,467.98865356701657,8.453718153759837,1978.0586520209908,8649.0,44.51490963576689,0.0,450,510,560,600,710,780,880,950,1400,1700,2000
GET,/basket.html,12991,0,460.0,475.88562093565884,21.908720023930073,1037.8577599767596,23388.0,41.820450613121764,0.0,460,520,560,600,690,760,830,870,990,1000,1000
POST,/cart,79604,0,560.0,562.837864740292,27.211566921323538,1344.1664909478277,0.0,256.2601147415091,0.0,560,630,680,710,780,840,900,940,1100,1300,1300
GET,/catalogue,13690,0,480.0,490.1608785788867,8.966450113803148,1036.1575840506703,2795.0,44.07066191160318,0.0,480,540,590,630,730,800,880,900,970,1000,1000
GET,/category.html,13714,0,480.0,479.75207683155253,9.845700114965439,989.4445401150733,11518.0,44.147922385370784,0.0,480,540,590,620,710,780,840,870,940,980,990
GET,/login,13811,0,500.0,527.0229446265311,47.397586051374674,1101.1429950594902,13.0,44.46018346684817,0.0,500,610,680,710,790,850,900,930,1100,1100,1100
POST,/orders,12881,12881,580.0,586.7604351791998,62.85997596569359,1140.221538953483,227.0,41.466340108353585,41.466340108353585,580,660,710,740,810,860,920,950,1100,1100,1100
,Aggregated,160519,12881,520.0,533.1712759927461,8.453718153759837,1978.0586520209908,3879.6454749904997,516.7405828625734,41.466340108353585,520,600,660,690,770,830,890,930,1100,1400,2000
