Type,Name,Request Count,Failure Count,Median Response Time,Average Response Time,Min Response Time,Max Response Time,Average Content Size,Requests/s,Failures/s,50%,66%,75%,80%,90%,95%,98%,99%,99.9%,99.99%,100%
GET,/,13879,0,440.0,456.82647878463024,8.450424997135997,1517.2315270174295,8649.0,44.944401865430066,0.0,440,500,540,590,700,760,860,1000,1500,1500,1500
GET,/basket.html,13016,0,450.0,464.93464409932596,2.4470239877700806,1031.6070010885596,23388.0,42.14974671665378,0.0,450,510,550,590,680,740,810,850,970,1000,1000
POST,/cart,79808,0,550.0,549.2139102447521,25.666259927675128,1095.926190027967,0.0,258.44245436099453,0.0,550,620,670,700,770,820,880,920,1000,1100,1100
GET,/catalogue,13733,0,470.0,475.9535376571644,6.647671107202768,1049.967841943726,2795.0,44.471609684988195,0.0,470,530,570,610,710,770,840,880,980,1000,1000
GET,/category.html,13755,0,470.0,467.68491847202944,3.283550962805748,1052.2037199698389,11518.0,44.54285234231505,0.0,470,530,570,600,690,750,810,870,980,1000,1100
GET,/login,13865,0,490.0,501.37388237652607,61.11308909021318,1051.7321550287306,13.0,44.899065628949344,0.0,490,570,640,680,760,810,870,900,980,1100,1100
POST,/orders,12906,12906,560.0,567.1023469652525,95.86523589678109,1121.9712959136814,227.0,41.79353343001949,41.79353343001949,560,640,690,710,780,830,890,940,1000,1100,1100
,Aggregated,160962,12906,510.0,518.5285690459557,2.4470239877700806,1517.2315270174295,3879.0609646997427,521.2436640293504,41.79353343001949,510,590,640,670,750,800,870,910,1100,1500,1500
