Type,Name,Request Count,Failure Count,Median Response Time,Average Response Time,Min Response Time,Max Response Time,Average Content Size,Requests/s,Failures/s,50%,66%,75%,80%,90%,95%,98%,99%,99.9%,99.99%,100%
GET,/,1909,0,4,6.034578755790648,1.8776420038193464,62.01820890419185,8649.0,6.176722129423154,0.0,4,5,6,7,9,15,29,40,61,62,62
GET,/basket.html,1826,0,4,4.806203160588992,2.0703619811683893,53.93253383226693,23388.0,5.9081689933612775,0.0,4,5,6,6,7,9,11,12,43,54,54
POST,/cart,11188,0,24,24.84603496193889,13.571206945925951,86.22308494523168,0.0,36.19966850915989,0.0,24,25,27,28,31,35,42,51,75,84,86
GET,/catalogue,1897,0,7,8.398173260686622,4.376690136268735,53.0933050904423,2795.0,6.137895169992521,0.0,7,8,9,9,11,14,23,30,44,53,53
GET,/category.html,1897,0,5,5.493165176208624,1.894647954031825,51.5903839841485,11518.0,6.137895169992521,0.0,5,6,6,7,9,11,15,18,30,52,52
GET,/login,1909,0,56,58.15355811534462,20.210699876770377,101.44090605899692,13.0,6.176722129423154,0.0,56,58,59,60,63,76,89,93,100,100,100
POST,/orders,1809,1809,69,66.03159681487686,19.7836731094867,121.13911705091596,227.0,5.853164134167881,5.853164134167881,69,71,72,73,77,80,87,96,110,120,120
,Aggregated,22435,1809,22,24.742221843784602,1.8776420038193464,121.13911705091596,3869.1620236238023,72.59023623552041,5.853164134167881,22,25,28,32,59,68,74,79,99,110,120
