Type,Name,Request Count,Failure Count,Median Response Time,Average Response Time,Min Response Time,Max Response Time,Average Content Size,Requests/s,Failures/s,50%,66%,75%,80%,90%,95%,98%,99%,99.9%,99.99%,100%
GET,/,1917,0,4,6.1688820398366495,2.003223984502256,54.735693032853305,8649.0,6.2024463617781995,0.0,4,5,6,7,9,17,28,38,50,55,55
GET,/basket.html,1829,0,4,5.015663581250053,2.191330073401332,46.62358609493822,23388.0,5.917722689458699,0.0,4,5,6,6,8,9,11,13,47,47,47
POST,/cart,11174,0,25,26.616811285376585,14.368416974321008,94.2402130458504,0.0,36.15343539202379,0.0,25,27,29,30,33,37,44,51,71,89,94
GET,/catalogue,1900,0,8,8.946120146000268,4.796053981408477,42.76826197747141,2795.0,6.147442925080115,0.0,8,9,9,10,12,15,22,28,39,43,43
GET,/category.html,1900,0,5,5.672111444873735,2.026738948188722,48.82461403030902,11518.0,6.147442925080115,0.0,5,6,6,7,9,11,15,21,45,49,49
GET,/login,1916,0,58,59.656709651700915,49.521220033057034,107.79027093667537,13.0,6.199210865501842,0.0,58,60,61,62,65,74,88,93,110,110,110
POST,/orders,1817,1817,72,69.90044888626143,20.754710072651505,130.53505402058363,227.0,5.878896734142404,5.878896734142404,72,74,76,77,81,86,92,99,110,130,130
,Aggregated,22453,1817,24,26.165842257378866,2.003223984502256,130.53505402058363,3874.264107246248,72.64659789306516,5.878896734142404,24,27,30,35,60,71,77,82,100,110,130
