Type,Name,Request Count,Failure Count,Median Response Time,Average Response Time,Min Response Time,Max Response Time,Average Content Size,Requests/s,Failures/s,50%,66%,75%,80%,90%,95%,98%,99%,99.9%,99.99%,100%
GET,/,1917,0,4,6.312987200811848,1.9513169536367059,55.42829097248614,8649.0,6.2025379830954455,0.0,4,5,6,7,9,20,31,46,54,55,55
GET,/basket.html,1831,0,4,4.855045957586427,2.0938110537827015,42.329437914304435,23388.0,5.924281193034826,0.0,4,5,6,6,7,9,11,12,16,42,42
POST,/cart,11173,0,26,27.097445155766817,14.969110954552889,83.75010697636753,0.0,36.15073389938728,0.0,26,28,29,30,34,39,46,52,66,82,84
GET,/catalogue,1905,0,8,8.799987372617162,4.642597981728613,49.475040985271335,2795.0,6.1637114542497775,0.0,8,9,9,10,12,15,19,23,40,49,49
GET,/category.html,1905,0,5,5.584416758352182,1.9457320449873805,55.897205020301044,11518.0,6.1637114542497775,0.0,5,6,6,7,9,11,15,17,41,56,56
GET,/login,1916,0,58,60.0771869158242,50.06801593117416,104.57760700955987,13.0,6.199302439024973,0.0,58,60,61,62,66,76,90,95,100,100,100
POST,/orders,1817,1817,72,69.82579573091421,21.083239000290632,134.93576098699123,227.0,5.878983576048213,5.878983576048213,72,74,76,77,81,85,91,96,120,130,130
,Aggregated,22464,1817,24,26.403801245591463,1.9457320449873805,134.93576098699123,3877.635016025641,72.68326199909029,5.878983576048213,24,28,31,36,60,71,77,82,99,120,130
