Type,Name,Request Count,Failure Count,Median Response Time,Average Response Time,Min Response Time,Max Response Time,Average Content Size,Requests/s,Failures/s,50%,66%,75%,80%,90%,95%,98%,99%,99.9%,99.99%,100%
GET,/,1909,0,5,6.181344514075548,2.009735209867358,52.52470192499459,8649.0,6.1763156181825,0.0,5,5,6,7,9,18,27,34,52,53,53
GET,/basket.html,1824,0,4,5.093009317326441,2.205908065661788,44.197347946465015,23388.0,5.901309422506484,0.0,4,5,6,6,8,9,12,14,21,44,44
POST,/cart,11130,0,25,26.234937107390476,14.084529830142856,90.28410399332643,0.0,36.009634798518185,0.0,25,27,28,30,33,37,44,50,79,85,90
GET,/catalogue,1893,0,8,8.935597472702637,4.451568005606532,58.17762413062155,2795.0,6.12454974605525,0.0,8,9,9,10,12,15,21,28,51,58,58
GET,/category.html,1893,0,5,5.6469862220678,2.0964040886610746,31.903756083920598,11518.0,6.12454974605525,0.0,5,6,7,7,9,12,15,19,32,32,32
GET,/login,1909,0,58,59.989676637123274,50.19644694402814,112.21867986023426,13.0,6.1763156181825,0.0,58,60,61,62,66,75,87,95,110,110,110
POST,/orders,1809,1809,72,69.48216509273726,22.40175986662507,125.18766080029309,227.0,5.852778917387188,5.852778917387188,72,74,76,77,81,85,91,95,120,130,130
,Aggregated,22367,1809,23,25.971433181233966,2.009735209867358,125.18766080029309,3876.274064469978,72.36545386688736,5.852778917387188,23,27,30,34,61,71,78,82,100,120,130
