Type,Name,Request Count,Failure Count,Median Response Time,Average Response Time,Min Response Time,Max Response Time,Average Content Size,Requests/s,Failures/s,50%,66%,75%,80%,90%,95%,98%,99%,99.9%,99.99%,100%
GET,/,13992,0,430.0,437.4801884110283,4.219363909214735,1374.6152459643781,8649.0,45.2400019461155,0.0,430,480,530,570,680,760,830,920,1300,1400,1400
GET,/basket.html,13160,0,440.0,448.07241613351056,9.67070390470326,989.1202470753342,23388.0,42.549916067101194,0.0,440,500,550,580,670,740,810,840,930,990,990
POST,/cart,80738,0,530.0,531.9361997730042,30.4797338321805,1020.8478190470487,0.0,261.04826165848147,0.0,530,610,650,690,760,820,880,920,990,1000,1000
GET,/catalogue,13861,0,460.0,462.32974472898866,6.508463993668556,1017.6772570703179,2795.0,44.81644275122262,0.0,460,520,570,600,700,780,850,880,980,1000,1000
GET,/category.html,13874,0,460.0,457.99592702574483,9.738087886944413,972.783463075757,11518.0,44.85847534308222,0.0,460,520,570,610,690,760,830,860,950,970,970
GET,/login,13978,0,470.0,482.7099924588341,57.73333297111094,1027.8430320322514,13.0,45.19473607795901,0.0,470,550,620,660,750,820,880,920,1000,1000,1000
POST,/orders,13028,13028,550.0,550.5833440279547,33.234208123758435,1065.077355131507,227.0,42.12312359591142,42.12312359591142,550,630,670,700,770,830,890,930,990,1100,1100
,Aggregated,162631,13028,490.0,502.0459128558946,4.219363909214735,1374.6152459643781,3876.777397913067,525.8309574398735,42.12312359591142,490,570,630,660,740,800,870,910,1000,1300,1400
