Type,Name,Request Count,Failure Count,Median Response Time,Average Response Time,Min Response Time,Max Response Time,Average Content Size,Requests/s,Failures/s,50%,66%,75%,80%,90%,95%,98%,99%,99.9%,99.99%,100%
GET,/,14351,0,380.0,396.33684682873445,3.8655949756503105,1031.3509770203382,8649.0,46.346198092419066,0.0,380,460,510,550,670,740,830,880,990,1000,1000
GET,/basket.html,13500,0,390.0,404.01316023876683,8.952110074460506,1040.6053769402206,23388.0,43.597914727033476,0.0,390,470,520,550,640,720,800,850,990,1000,1000
POST,/cart,82778,0,480.0,490.31839162905135,29.728480149060488,1111.2680218648165,0.0,267.32949520550943,0.0,480,570,620,660,740,810,870,920,1000,1100,1100
GET,/catalogue,14188,0,420.0,429.48798830694136,8.325011003762484,1067.0508521143347,2795.0,45.819793640529696,0.0,420,500,540,580,690,770,860,910,1000,1100,1100
GET,/category.html,14215,0,410.0,417.36272604524436,6.806154036894441,1008.9842728339136,11518.0,45.90698946998376,0.0,410,490,540,570,670,740,810,860,960,1000,1000
GET,/login,14332,0,410.0,440.2757140775089,40.25679989717901,1105.1666939165443,13.0,46.28483806428472,0.0,410,510,590,630,720,790,880,930,1000,1100,1100
POST,/orders,13376,13376,500.0,511.7183384185732,36.90770291723311,1110.6951117981225,227.0,43.19745980657776,43.19745980657776,500,600,650,690,760,820,890,940,1000,1100,1100
,Aggregated,166740,13376,450.0,461.2615229219669,3.8655949756503105,1111.2680218648165,3877.0918615809046,538.4826890063379,43.19745980657776,450,540,600,630,720,790,860,910,1000,1100,1100
