Type,Name,Request Count,Failure Count,Median Response Time,Average Response Time,Min Response Time,Max Response Time,Average Content Size,Requests/s,Failures/s,50%,66%,75%,80%,90%,95%,98%,99%,99.9%,99.99%,100%
GET,/,13869,0,450.0,461.35883756427205,33.45814603380859,1491.0009568557143,8649.0,44.81648159724545,0.0,450,500,550,590,690,770,850,920,1300,1400,1500
GET,/basket.html,13022,0,460.0,474.8453948924242,33.863091841340065,1058.9910838752985,23388.0,42.07947388848008,0.0,460,520,570,600,680,750,810,850,970,1000,1100
POST,/cart,79513,0,550.0,554.920934443902,59.51857380568981,1114.2641049809754,0.0,256.93942614765143,0.0,550,630,670,700,770,820,870,910,1000,1100,1100
GET,/catalogue,13730,0,480.0,481.8904113336327,15.728018945083022,1025.6172982044518,2795.0,44.36731504291442,0.0,480,540,580,610,700,770,830,860,950,1000,1000
GET,/category.html,13764,0,470.0,475.9711991335074,22.388521814718843,1054.8640869092196,11518.0,44.477183120952226,0.0,470,540,580,610,700,770,830,860,980,1100,1100
GET,/login,13850,0,500.0,511.1772574161411,54.26155892200768,1033.8358690496534,13.0,44.75508473010668,0.0,500,580,650,690,760,810,860,890,960,1000,1000
POST,/orders,12904,12904,570.0,578.1170257740113,76.76791190169752,1106.142692035064,227.0,41.69816702940769,41.69816702940769,570,650,700,720,790,840,900,930,1100,1100,1100
,Aggregated,160652,12904,520.0,525.4394639294437,15.728018945083022,1491.0009568557143,3887.4702898189876,519.133131556758,41.69816702940769,520,590,650,680,750,810,860,900,1000,1300,1500
