Type,Name,Request Count,Failure Count,Median Response Time,Average Response Time,Min Response Time,Max Response Time,Average Content Size,Requests/s,Failures/s,50%,66%,75%,80%,90%,95%,98%,99%,99.9%,99.99%,100%
GET,/,14089,0,410.0,435.2041576435863,25.110080954618752,2038.5009850142524,8649.0,45.54747466144759,0.0,410,480,530,560,670,750,830,940,1900,2000,2000
GET,/basket.html,13230,0,430.0,443.6806623176133,8.477633935399354,1039.4863500259817,23388.0,42.77046559521269,0.0,430,500,540,570,660,740,790,830,950,990,1000
POST,/cart,80730,0,520.0,526.3509044825608,54.55562297720462,1069.5098879514262,0.0,260.98712679527745,0.0,520,600,650,680,750,810,860,910,1000,1100,1100
GET,/catalogue,13934,0,450.0,458.26338053485887,12.213969021104276,1041.3906309986487,2795.0,45.046384550543735,0.0,450,520,560,590,690,760,830,870,950,1000,1000
GET,/category.html,13953,0,440.0,452.07835375206525,26.692677987739444,1042.6923460327089,11518.0,45.10780849962227,0.0,440,520,570,600,690,760,810,840,940,1000,1000
GET,/login,14080,0,460.0,478.3064028703517,51.40207102522254,1058.90427401755,13.0,45.51837910662091,0.0,460,550,610,650,750,800,860,890,1000,1100,1100
POST,/orders,13112,13112,540.0,547.1922721973355,96.83270798996091,1135.8835040591657,227.0,42.38899054304073,42.38899054304073,540,620,670,700,780,830,890,930,1100,1100,1100
,Aggregated,163128,13112,490.0,497.1336956140097,8.477633935399354,2038.5009850142524,3887.0987751949388,527.3666297517653,42.38899054304073,490,570,620,650,740,800,850,900,1000,1900,2000
