Type,Name,Request Count,Failure Count,Median Response Time,Average Response Time,Min Response Time,Max Response Time,Average Content Size,Requests/s,Failures/s,50%,66%,75%,80%,90%,95%,98%,99%,99.9%,99.99%,100%
GET,/,1924,0,4,6.165590688340335,1.62735884077847,78.11379409395158,8649.0,6.2239399017101125,0.0,4,5,6,7,9,19,30,43,78,78,78
GET,/basket.html,1838,0,4,4.782582982063245,1.8624539952725172,41.43079603090882,23388.0,5.945738845812467,0.0,4,5,5,6,7,9,12,14,35,41,41
POST,/cart,11246,0,24,25.170744724688305,13.382356148213148,115.26839900761843,0.0,36.379640402615344,0.0,24,26,27,28,32,37,45,52,100,110,120
GET,/catalogue,1913,0,7,8.582872393118949,4.025958012789488,73.3271490316838,2795.0,6.1883560457232045,0.0,7,8,9,9,11,15,20,27,73,73,73
GET,/category.html,1913,0,4,5.445985845253611,1.8717830535024405,42.646219953894615,11518.0,6.1883560457232045,0.0,4,5,6,7,9,11,17,20,43,43,43
GET,/login,1924,0,56,58.12480272625993,49.08115114085376,109.83532899990678,13.0,6.2239399017101125,0.0,56,58,59,60,64,75,90,94,110,110,110
POST,/orders,1824,1824,68,65.20440694255645,19.212113926187158,114.27676910534501,227.0,5.900450301829129,5.900450301829129,68,70,72,73,76,80,87,91,110,110,110
,Aggregated,22582,1824,22,24.857202360189422,1.62735884077847,115.26839900761843,3872.4492516163314,73.05042144512358,5.900450301829129,22,25,29,33,58,68,73,78,100,110,120
