Type,Name,Request Count,Failure Count,Median Response Time,Average Response Time,Min Response Time,Max Response Time,Average Content Size,Requests/s,Failures/s,50%,66%,75%,80%,90%,95%,98%,99%,99.9%,99.99%,100%
GET,/,1931,0,4,5.992454313757482,1.8778399098664522,61.75516895018518,8649.0,6.247962682819479,0.0,4,5,6,7,9,16,28,35,60,62,62
GET,/basket.html,1847,0,4,4.748634699556591,2.1377981174737215,36.61893494427204,23388.0,5.976171452702008,0.0,4,5,6,6,8,9,11,12,22,37,37
POST,/cart,11145,0,24,25.086959657046613,14.533281093463302,88.54408701881766,0.0,36.06087213880015,0.0,24,26,27,28,31,35,42,48,70,79,89
GET,/catalogue,1921,0,8,8.548555167499524,4.014519974589348,42.17294091358781,2795.0,6.215606583995971,0.0,8,8,9,10,12,16,21,26,39,42,42
GET,/category.html,1921,0,5,5.652189100711941,2.034500939771533,43.49030205048621,11518.0,6.215606583995971,0.0,5,6,6,7,9,12,16,19,36,43,43
GET,/login,1931,0,56,57.99282894345364,49.03810401447117,104.23093312419951,13.0,6.247962682819479,0.0,56,58,59,60,64,71,86,93,100,100,100
POST,/orders,1831,1831,69,65.59894787954346,19.120048033073545,104.52448716387153,227.0,5.924401694584395,5.924401694584395,69,71,72,74,77,81,87,91,100,100,100
,Aggregated,22527,1831,22,24.828507077916214,1.8778399098664522,104.52448716387153,3899.092999511697,72.88858381971745,5.924401694584395,22,26,29,32,58,68,74,78,95,100,100
