Type,Name,Request Count,Failure Count,Median Response Time,Average Response Time,Min Response Time,Max Response Time,Average Content Size,Requests/s,Failures/s,50%,66%,75%,80%,90%,95%,98%,99%,99.9%,99.99%,100%
GET,/,14315,0,400.0,410.22230488668777,7.482765940949321,1793.8554279971868,8649.0,46.27626369817181,0.0,400,460,500,540,660,760,870,1100,1500,1600,1800
GET,/basket.html,13467,0,410.0,412.7516429317036,11.349315056577325,1007.1085740346462,23388.0,43.53492443054696,0.0,410,470,520,550,640,720,810,840,960,1000,1000
POST,/cart,82131,0,500.0,494.98534905986764,30.48810292966664,1062.1658540330827,0.0,265.5058200345476,0.0,500,570,620,650,730,790,860,900,990,1100,1100
GET,/catalogue,14183,0,430.0,428.39349929540066,11.6444390732795,1029.1132261045277,2795.0,45.84954579330568,0.0,430,490,540,570,670,750,810,860,990,1000,1000
GET,/category.html,14200,0,430.0,422.29010072864696,6.555258994922042,1057.7277489937842,11518.0,45.90450188711419,0.0,430,490,540,570,650,720,790,840,970,1100,1100
GET,/login,14291,0,430.0,445.25083042770495,39.44775997661054,1065.2889038901776,13.0,46.19867862455978,0.0,430,520,590,630,730,800,860,900,990,1100,1100
POST,/orders,13375,13375,520.0,519.5913989801726,28.816411970183253,1041.0543540492654,227.0,43.23751498170087,43.23751498170087,520,600,650,680,760,820,890,930,1000,1000,1000
,Aggregated,165962,13375,460.0,466.7908279202786,6.555258994922042,1793.8554279971868,3887.610561453827,536.5072494499469,43.23751498170087,460,540,590,630,710,780,850,900,1100,1500,1800
