Type,Name,Request Count,Failure Count,Median Response Time,Average Response Time,Min Response Time,Max Response Time,Average Content Size,Requests/s,Failures/s,50%,66%,75%,80%,90%,95%,98%,99%,99.9%,99.99%,100%
GET,/,1912,0,4,6.2183193532675975,1.8370200414210558,70.79164707101882,8649.0,6.185312522294181,0.0,4,5,6,7,9,18,30,43,56,71,71
GET,/basket.html,1822,0,4,4.74090795055682,2.0210768561810255,43.72181696817279,23388.0,5.8941628742782415,0.0,4,5,5,6,7,9,10,12,38,44,44
POST,/cart,11210,0,25,25.927293683916503,14.89082514308393,80.0611071754247,0.0,36.2643061584298,0.0,25,27,28,29,32,36,42,51,74,78,80
GET,/catalogue,1901,0,8,8.689902419212624,4.100496880710125,52.34084906987846,2795.0,6.149727565314455,0.0,8,8,9,9,12,15,23,40,50,52,52
GET,/category.html,1901,0,5,5.599846455686457,1.9242679700255394,53.56140504591167,11518.0,6.149727565314455,0.0,5,6,6,7,9,11,16,22,42,54,54
GET,/login,1912,0,56,58.34277781254074,49.184669042006135,111.36653297580779,13.0,6.185312522294181,0.0,56,58,59,60,63,76,90,95,110,110,110
POST,/orders,1812,1812,69,65.77480495169812,18.704964080825448,123.73191700316966,227.0,5.861812913387582,5.861812913387582,69,71,73,74,76,80,86,89,110,120,120
,Aggregated,22470,1812,23,25.325877768015317,1.8370200414210558,123.73191700316966,3862.7065865598574,72.69036212131289,5.861812913387582,23,27,29,33,58,69,74,78,97,110,120
