Type,Name,Request Count,Failure Count,Median Response Time,Average Response Time,Min Response Time,Max Response Time,Average Content Size,Requests/s,Failures/s,50%,66%,75%,80%,90%,95%,98%,99%,99.9%,99.99%,100%
GET,/,13987,0,440.0,454.7480498263448,40.81765585578978,1726.1710728053004,8649.0,45.06559226121295,0.0,440,500,550,590,690,760,850,1100,1500,1700,1700
GET,/basket.html,13122,0,460.0,464.1846180705577,38.373504066839814,968.2321378495544,23388.0,42.27859452717783,0.0,460,520,560,590,670,740,800,830,930,970,970
POST,/cart,79964,0,550.0,543.729925190865,61.44974194467068,1095.7110039889812,0.0,257.64102520738055,0.0,550,610,660,690,750,800,860,900,1000,1100,1100
GET,/catalogue,13827,0,470.0,476.2366153678177,19.996457966044545,967.2557059675455,2795.0,44.55007822948391,0.0,470,540,570,610,690,760,820,870,940,970,970
GET,/category.html,13844,0,470.0,468.54458382991334,27.058576000854373,1002.6585878804326,11518.0,44.604851595355115,0.0,470,540,580,610,680,740,800,830,960,1000,1000
GET,/login,13945,0,490.0,501.59151304378645,72.1747309435159,1006.660008104518,13.0,44.930269827884075,0.0,490,580,640,670,750,810,870,900,970,1000,1000
POST,/orders,13008,13008,560.0,562.8615699020673,91.8178060092032,1107.989497948438,227.0,41.91129077957089,41.91129077957089,560,630,680,700,770,830,890,960,1100,1100,1100
,Aggregated,161697,13008,510.0,515.2740194259471,19.996457966044545,1726.1710728053004,3890.6513849978664,520.9817024280653,41.91129077957089,510,580,630,660,740,790,850,890,1100,1400,1700
