Type,Name,Request Count,Failure Count,Median Response Time,Average Response Time,Min Response Time,Max Response Time,Average Content Size,Requests/s,Failures/s,50%,66%,75%,80%,90%,95%,98%,99%,99.9%,99.99%,100%
GET,/,13745,0,450.0,469.02069261467994,64.55058208666742,1935.6919329147786,8649.0,44.41328811777709,0.0,450,510,560,600,710,770,850,920,1600,1700,1900
GET,/basket.html,12882,0,470.0,479.91671284867897,48.07225102558732,1059.3192509841174,23388.0,41.624734633190585,0.0,470,530,570,600,690,750,820,860,1000,1000,1100
POST,/cart,78952,0,560.0,568.2417105348355,79.70857713371515,1131.9893579930067,0.0,255.11225343577573,0.0,560,640,690,720,780,830,890,920,1000,1100,1100
GET,/catalogue,13565,0,490.0,497.08838251869406,11.0987420193851,1075.767169939354,2795.0,43.831666301756734,0.0,490,550,600,640,730,800,850,890,1000,1100,1100
GET,/category.html,13583,0,480.0,485.0543380202016,8.565522031858563,1070.774446008727,11518.0,43.88982848335877,0.0,480,540,590,620,710,770,820,850,960,1100,1100
GET,/login,13712,0,510.0,531.9743666211148,55.99356396123767,1102.1854530554265,13.0,44.306657451506695,0.0,510,620,680,720,780,840,890,910,1000,1100,1100
POST,/orders,12775,12775,590.0,592.9491055876913,110.77870614826679,1119.2794661037624,227.0,41.27899277588959,41.27899277588959,590,670,720,740,810,860,920,950,1100,1100,1100
,Aggregated,159214,12775,530.0,538.2293665521779,8.565522031858563,1935.6919329147786,3879.093992990566,514.4574211992551,41.27899277588959,530,610,660,700,770,820,880,920,1100,1600,1900
