Type,Name,Request Count,Failure Count,Median Response Time,Average Response Time,Min Response Time,Max Response Time,Average Content Size,Requests/s,Failures/s,50%,66%,75%,80%,90%,95%,98%,99%,99.9%,99.99%,100%
GET,/,1931,0,4,6.068149132409062,1.7665040213614702,55.01151503995061,8649.0,6.225973504711699,0.0,4,5,6,7,9,19,30,40,52,55,55
GET,/basket.html,1843,0,4,4.597175005789011,1.9296880345791578,21.832030033692718,23388.0,5.942241931218882,0.0,4,5,5,6,7,8,11,13,22,22,22
POST,/cart,11223,0,24,24.759067913935095,13.78965494222939,123.34983493201435,0.0,36.185448287612324,0.0,24,25,27,28,31,35,42,49,100,120,120
GET,/catalogue,1918,0,7,8.453171711164499,3.839359153062105,51.01125198416412,2795.0,6.184058613172987,0.0,7,8,9,9,11,16,23,30,49,51,51
GET,/category.html,1918,0,5,5.414524623892067,1.7186279874294996,37.16540499590337,11518.0,6.184058613172987,0.0,5,5,6,7,9,11,17,21,35,37,37
GET,/login,1931,0,56,58.27605868482327,48.361713998019695,110.2910719346255,13.0,6.225973504711699,0.0,56,58,59,60,64,76,92,97,110,110,110
POST,/orders,1831,1831,68,65.79170214377979,18.034456064924598,141.93367888219655,227.0,5.903551262106225,5.903551262106225,68,71,72,73,77,80,87,91,140,140,140
,Aggregated,22595,1831,22,24.680465865224058,1.7186279874294996,141.93367888219655,3881.317857933171,72.8513057167068,5.903551262106225,22,25,28,32,58,68,74,79,100,120,140
